BINARY,x2860490a$phases,0
ANALOG,x2860490a$nominal_voltage.real,0
ANALOG,x2860490a$nominal_voltage.imag,0
BINARY,x2935560c$phases,0
ANALOG,x2935560c$nominal_voltage.real,0
ANALOG,x2935560c$nominal_voltage.imag,0
BINARY,l3048962$phases,0
ANALOG,l3048962$nominal_voltage.real,0
ANALOG,l3048962$nominal_voltage.imag,0
BINARY,l3048963$phases,0
ANALOG,l3048963$nominal_voltage.real,0
ANALOG,l3048963$nominal_voltage.imag,0
BINARY,x3235275b$phases,0
ANALOG,x3235275b$nominal_voltage.real,0
ANALOG,x3235275b$nominal_voltage.imag,0
BINARY,m1026940$phases,0
ANALOG,m1026940$nominal_voltage.real,0
ANALOG,m1026940$nominal_voltage.imag,0
BINARY,m1026941$phases,0
ANALOG,m1026941$nominal_voltage.real,0
ANALOG,m1026941$nominal_voltage.imag,0
BINARY,m1026942$phases,0
ANALOG,m1026942$nominal_voltage.real,0
ANALOG,m1026942$nominal_voltage.imag,0
BINARY,m1026947$phases,0
ANALOG,m1026947$nominal_voltage.real,0
ANALOG,m1026947$nominal_voltage.imag,0
BINARY,m1026948$phases,0
ANALOG,m1026948$nominal_voltage.real,0
ANALOG,m1026948$nominal_voltage.imag,0
BINARY,x3160868b$phases,0
ANALOG,x3160868b$nominal_voltage.real,0
ANALOG,x3160868b$nominal_voltage.imag,0
BINARY,m1026946$phases,0
ANALOG,m1026946$nominal_voltage.real,0
ANALOG,m1026946$nominal_voltage.imag,0
BINARY,m1026939$phases,0
ANALOG,m1026939$nominal_voltage.real,0
ANALOG,m1026939$nominal_voltage.imag,0
BINARY,x2820528c$phases,0
ANALOG,x2820528c$nominal_voltage.real,0
ANALOG,x2820528c$nominal_voltage.imag,0
BINARY,x2860493a$phases,0
ANALOG,x2860493a$nominal_voltage.real,0
ANALOG,x2860493a$nominal_voltage.imag,0
BINARY,l3048937$phases,0
ANALOG,l3048937$nominal_voltage.real,0
ANALOG,l3048937$nominal_voltage.imag,0
BINARY,x2823592a$phases,0
ANALOG,x2823592a$nominal_voltage.real,0
ANALOG,x2823592a$nominal_voltage.imag,0
BINARY,x2804262a$phases,0
ANALOG,x2804262a$nominal_voltage.real,0
ANALOG,x2804262a$nominal_voltage.imag,0
BINARY,m1047809$phases,0
ANALOG,m1047809$nominal_voltage.real,0
ANALOG,m1047809$nominal_voltage.imag,0
BINARY,m1026907$phases,0
ANALOG,m1026907$nominal_voltage.real,0
ANALOG,m1026907$nominal_voltage.imag,0
BINARY,m1026905$phases,0
ANALOG,m1026905$nominal_voltage.real,0
ANALOG,m1026905$nominal_voltage.imag,0
BINARY,x2858175a$phases,0
ANALOG,x2858175a$nominal_voltage.real,0
ANALOG,x2858175a$nominal_voltage.imag,0
BINARY,m1026902$phases,0
ANALOG,m1026902$nominal_voltage.real,0
ANALOG,m1026902$nominal_voltage.imag,0
BINARY,x2691936a$phases,0
ANALOG,x2691936a$nominal_voltage.real,0
ANALOG,x2691936a$nominal_voltage.imag,0
BINARY,m1047812$phases,0
ANALOG,m1047812$nominal_voltage.real,0
ANALOG,m1047812$nominal_voltage.imag,0
BINARY,m1166394$phases,0
ANALOG,m1166394$nominal_voltage.real,0
ANALOG,m1166394$nominal_voltage.imag,0
BINARY,m1166393$phases,0
ANALOG,m1166393$nominal_voltage.real,0
ANALOG,m1166393$nominal_voltage.imag,0
BINARY,m1166396$phases,0
ANALOG,m1166396$nominal_voltage.real,0
ANALOG,m1166396$nominal_voltage.imag,0
BINARY,m1166395$phases,0
ANALOG,m1166395$nominal_voltage.real,0
ANALOG,m1166395$nominal_voltage.imag,0
BINARY,m1166398$phases,0
ANALOG,m1166398$nominal_voltage.real,0
ANALOG,m1166398$nominal_voltage.imag,0
BINARY,l3160871$phases,0
ANALOG,l3160871$nominal_voltage.real,0
ANALOG,l3160871$nominal_voltage.imag,0
BINARY,m1166399$phases,0
ANALOG,m1166399$nominal_voltage.real,0
ANALOG,m1166399$nominal_voltage.imag,0
BINARY,l2710514$phases,0
ANALOG,l2710514$nominal_voltage.real,0
ANALOG,l2710514$nominal_voltage.imag,0
BINARY,l2710515$phases,0
ANALOG,l2710515$nominal_voltage.real,0
ANALOG,l2710515$nominal_voltage.imag,0
BINARY,l3235275$phases,0
ANALOG,l3235275$nominal_voltage.real,0
ANALOG,l3235275$nominal_voltage.imag,0
BINARY,x3195318b$phases,0
ANALOG,x3195318b$nominal_voltage.real,0
ANALOG,x3195318b$nominal_voltage.imag,0
BINARY,l2685809$phases,0
ANALOG,l2685809$nominal_voltage.real,0
ANALOG,l2685809$nominal_voltage.imag,0
BINARY,m1166391$phases,0
ANALOG,m1166391$nominal_voltage.real,0
ANALOG,m1166391$nominal_voltage.imag,0
BINARY,sx3160896c$phases,0
ANALOG,sx3160896c$nominal_voltage.real,0
ANALOG,sx3160896c$nominal_voltage.imag,0
BINARY,l2710536$phases,0
ANALOG,l2710536$nominal_voltage.real,0
ANALOG,l2710536$nominal_voltage.imag,0
BINARY,x3195315a$phases,0
ANALOG,x3195315a$nominal_voltage.real,0
ANALOG,x3195315a$nominal_voltage.imag,0
BINARY,m1166356$phases,0
ANALOG,m1166356$nominal_voltage.real,0
ANALOG,m1166356$nominal_voltage.imag,0
BINARY,sx2879061b$phases,0
ANALOG,sx2879061b$nominal_voltage.real,0
ANALOG,sx2879061b$nominal_voltage.imag,0
BINARY,sx2954354a$phases,0
ANALOG,sx2954354a$nominal_voltage.real,0
ANALOG,sx2954354a$nominal_voltage.imag,0
BINARY,x1108405b$phases,0
ANALOG,x1108405b$nominal_voltage.real,0
ANALOG,x1108405b$nominal_voltage.imag,0
BINARY,x1108405a$phases,0
ANALOG,x1108405a$nominal_voltage.real,0
ANALOG,x1108405a$nominal_voltage.imag,0
BINARY,x1108405c$phases,0
ANALOG,x1108405c$nominal_voltage.real,0
ANALOG,x1108405c$nominal_voltage.imag,0
BINARY,l2730107$phases,0
ANALOG,l2730107$nominal_voltage.real,0
ANALOG,l2730107$nominal_voltage.imag,0
BINARY,l2730108$phases,0
ANALOG,l2730108$nominal_voltage.real,0
ANALOG,l2730108$nominal_voltage.imag,0
BINARY,x2710515c$phases,0
ANALOG,x2710515c$nominal_voltage.real,0
ANALOG,x2710515c$nominal_voltage.imag,0
BINARY,x3120376a$phases,0
ANALOG,x3120376a$nominal_voltage.real,0
ANALOG,x3120376a$nominal_voltage.imag,0
BINARY,l3160868$phases,0
ANALOG,l3160868$nominal_voltage.real,0
ANALOG,l3160868$nominal_voltage.imag,0
BINARY,sx2954350c$phases,0
ANALOG,sx2954350c$nominal_voltage.real,0
ANALOG,sx2954350c$nominal_voltage.imag,0
BINARY,x2802481a$phases,0
ANALOG,x2802481a$nominal_voltage.real,0
ANALOG,x2802481a$nominal_voltage.imag,0
BINARY,d5710794-3_int$phases,0
ANALOG,d5710794-3_int$nominal_voltage.real,0
ANALOG,d5710794-3_int$nominal_voltage.imag,0
BINARY,x3085388b$phases,0
ANALOG,x3085388b$nominal_voltage.real,0
ANALOG,x3085388b$nominal_voltage.imag,0
BINARY,l3066821$phases,0
ANALOG,l3066821$nominal_voltage.real,0
ANALOG,l3066821$nominal_voltage.imag,0
BINARY,l3048196$phases,0
ANALOG,l3048196$nominal_voltage.real,0
ANALOG,l3048196$nominal_voltage.imag,0
BINARY,n1139547$phases,0
ANALOG,n1139547$nominal_voltage.real,0
ANALOG,n1139547$nominal_voltage.imag,0
BINARY,m1186052$phases,0
ANALOG,m1186052$nominal_voltage.real,0
ANALOG,m1186052$nominal_voltage.imag,0
BINARY,l3066830$phases,0
ANALOG,l3066830$nominal_voltage.real,0
ANALOG,l3066830$nominal_voltage.imag,0
BINARY,l3066808$phases,0
ANALOG,l3066808$nominal_voltage.real,0
ANALOG,l3066808$nominal_voltage.imag,0
BINARY,l3066804$phases,0
ANALOG,l3066804$nominal_voltage.real,0
ANALOG,l3066804$nominal_voltage.imag,0
BINARY,198-5320$phases,0
ANALOG,198-5320$nominal_voltage.real,0
ANALOG,198-5320$nominal_voltage.imag,0
BINARY,hvmv_sub1_48332$phases,0
ANALOG,hvmv_sub1_48332$nominal_voltage.real,0
ANALOG,hvmv_sub1_48332$nominal_voltage.imag,0
BINARY,l3066809$phases,0
ANALOG,l3066809$nominal_voltage.real,0
ANALOG,l3066809$nominal_voltage.imag,0
BINARY,sx2991911c$phases,0
ANALOG,sx2991911c$nominal_voltage.real,0
ANALOG,sx2991911c$nominal_voltage.imag,0
BINARY,x2820531b$phases,0
ANALOG,x2820531b$nominal_voltage.real,0
ANALOG,x2820531b$nominal_voltage.imag,0
BINARY,l2952007$phases,0
ANALOG,l2952007$nominal_voltage.real,0
ANALOG,l2952007$nominal_voltage.imag,0
BINARY,l2952003$phases,0
ANALOG,l2952003$nominal_voltage.real,0
ANALOG,l2952003$nominal_voltage.imag,0
BINARY,l3066818$phases,0
ANALOG,l3066818$nominal_voltage.real,0
ANALOG,l3066818$nominal_voltage.imag,0
BINARY,l3066816$phases,0
ANALOG,l3066816$nominal_voltage.real,0
ANALOG,l3066816$nominal_voltage.imag,0
BINARY,m1125914$phases,0
ANALOG,m1125914$nominal_voltage.real,0
ANALOG,m1125914$nominal_voltage.imag,0
BINARY,m1125916$phases,0
ANALOG,m1125916$nominal_voltage.real,0
ANALOG,m1125916$nominal_voltage.imag,0
BINARY,l3066812$phases,0
ANALOG,l3066812$nominal_voltage.real,0
ANALOG,l3066812$nominal_voltage.imag,0
BINARY,m1125917$phases,0
ANALOG,m1125917$nominal_voltage.real,0
ANALOG,m1125917$nominal_voltage.imag,0
BINARY,x3104144a$phases,0
ANALOG,x3104144a$nominal_voltage.real,0
ANALOG,x3104144a$nominal_voltage.imag,0
BINARY,l2730187$phases,0
ANALOG,l2730187$nominal_voltage.real,0
ANALOG,l2730187$nominal_voltage.imag,0
BINARY,x2936271a$phases,0
ANALOG,x2936271a$nominal_voltage.real,0
ANALOG,x2936271a$nominal_voltage.imag,0
BINARY,m1166400$phases,0
ANALOG,m1166400$nominal_voltage.real,0
ANALOG,m1166400$nominal_voltage.imag,0
BINARY,m1069147$phases,0
ANALOG,m1069147$nominal_voltage.real,0
ANALOG,m1069147$nominal_voltage.imag,0
BINARY,m1166407$phases,0
ANALOG,m1166407$nominal_voltage.real,0
ANALOG,m1166407$nominal_voltage.imag,0
BINARY,x2785543b$phases,0
ANALOG,x2785543b$nominal_voltage.real,0
ANALOG,x2785543b$nominal_voltage.imag,0
BINARY,l2763072$phases,0
ANALOG,l2763072$nominal_voltage.real,0
ANALOG,l2763072$nominal_voltage.imag,0
BINARY,x3197660b$phases,0
ANALOG,x3197660b$nominal_voltage.real,0
ANALOG,x3197660b$nominal_voltage.imag,0
BINARY,x2803199b$phases,0
ANALOG,x2803199b$nominal_voltage.real,0
ANALOG,x2803199b$nominal_voltage.imag,0
BINARY,x2803199a$phases,0
ANALOG,x2803199a$nominal_voltage.real,0
ANALOG,x2803199a$nominal_voltage.imag,0
BINARY,x2935555a$phases,0
ANALOG,x2935555a$nominal_voltage.real,0
ANALOG,x2935555a$nominal_voltage.imag,0
BINARY,x2820535b$phases,0
ANALOG,x2820535b$nominal_voltage.real,0
ANALOG,x2820535b$nominal_voltage.imag,0
BINARY,sx2917330a$phases,0
ANALOG,sx2917330a$nominal_voltage.real,0
ANALOG,sx2917330a$nominal_voltage.imag,0
BINARY,x3160871c$phases,0
ANALOG,x3160871c$nominal_voltage.real,0
ANALOG,x3160871c$nominal_voltage.imag,0
BINARY,sx2991913a$phases,0
ANALOG,sx2991913a$nominal_voltage.real,0
ANALOG,sx2991913a$nominal_voltage.imag,0
BINARY,x2935553b$phases,0
ANALOG,x2935553b$nominal_voltage.real,0
ANALOG,x2935553b$nominal_voltage.imag,0
BINARY,sx2766720a$phases,0
ANALOG,sx2766720a$nominal_voltage.real,0
ANALOG,sx2766720a$nominal_voltage.imag,0
BINARY,x2820533a$phases,0
ANALOG,x2820533a$nominal_voltage.real,0
ANALOG,x2820533a$nominal_voltage.imag,0
BINARY,x2785546a$phases,0
ANALOG,x2785546a$nominal_voltage.real,0
ANALOG,x2785546a$nominal_voltage.imag,0
BINARY,x2690868c$phases,0
ANALOG,x2690868c$nominal_voltage.real,0
ANALOG,x2690868c$nominal_voltage.imag,0
BINARY,x2860484b$phases,0
ANALOG,x2860484b$nominal_voltage.real,0
ANALOG,x2860484b$nominal_voltage.imag,0
BINARY,m1026896$phases,0
ANALOG,m1026896$nominal_voltage.real,0
ANALOG,m1026896$nominal_voltage.imag,0
BINARY,x2935554a$phases,0
ANALOG,x2935554a$nominal_voltage.real,0
ANALOG,x2935554a$nominal_voltage.imag,0
BINARY,n1140525$phases,0
ANALOG,n1140525$nominal_voltage.real,0
ANALOG,n1140525$nominal_voltage.imag,0
BINARY,n1140523$phases,0
ANALOG,n1140523$nominal_voltage.real,0
ANALOG,n1140523$nominal_voltage.imag,0
BINARY,x3122812b$phases,0
ANALOG,x3122812b$nominal_voltage.real,0
ANALOG,x3122812b$nominal_voltage.imag,0
BINARY,x3141401a$phases,0
ANALOG,x3141401a$nominal_voltage.real,0
ANALOG,x3141401a$nominal_voltage.imag,0
BINARY,x2897781a$phases,0
ANALOG,x2897781a$nominal_voltage.real,0
ANALOG,x2897781a$nominal_voltage.imag,0
BINARY,l2726973$phases,0
ANALOG,l2726973$nominal_voltage.real,0
ANALOG,l2726973$nominal_voltage.imag,0
BINARY,x3122810b$phases,0
ANALOG,x3122810b$nominal_voltage.real,0
ANALOG,x3122810b$nominal_voltage.imag,0
BINARY,n1140518$phases,0
ANALOG,n1140518$nominal_voltage.real,0
ANALOG,n1140518$nominal_voltage.imag,0
BINARY,x3086098a$phases,0
ANALOG,x3086098a$nominal_voltage.real,0
ANALOG,x3086098a$nominal_voltage.imag,0
BINARY,x2674027b$phases,0
ANALOG,x2674027b$nominal_voltage.real,0
ANALOG,x2674027b$nominal_voltage.imag,0
BINARY,193-51796$phases,0
ANALOG,193-51796$nominal_voltage.real,0
ANALOG,193-51796$nominal_voltage.imag,0
BINARY,m1047763$phases,0
ANALOG,m1047763$nominal_voltage.real,0
ANALOG,m1047763$nominal_voltage.imag,0
BINARY,p862322$phases,0
ANALOG,p862322$nominal_voltage.real,0
ANALOG,p862322$nominal_voltage.imag,0
BINARY,x2897780b$phases,0
ANALOG,x2897780b$nominal_voltage.real,0
ANALOG,x2897780b$nominal_voltage.imag,0
BINARY,l2879767$phases,0
ANALOG,l2879767$nominal_voltage.real,0
ANALOG,l2879767$nominal_voltage.imag,0
BINARY,l2684420$phases,0
ANALOG,l2684420$nominal_voltage.real,0
ANALOG,l2684420$nominal_voltage.imag,0
BINARY,x3027671a$phases,0
ANALOG,x3027671a$nominal_voltage.real,0
ANALOG,x3027671a$nominal_voltage.imag,0
BINARY,l2822872$phases,0
ANALOG,l2822872$nominal_voltage.real,0
ANALOG,l2822872$nominal_voltage.imag,0
BINARY,sx3254873c$phases,0
ANALOG,sx3254873c$nominal_voltage.real,0
ANALOG,sx3254873c$nominal_voltage.imag,0
BINARY,l3082993$phases,0
ANALOG,l3082993$nominal_voltage.real,0
ANALOG,l3082993$nominal_voltage.imag,0
BINARY,l3649298$phases,0
ANALOG,l3649298$nominal_voltage.real,0
ANALOG,l3649298$nominal_voltage.imag,0
BINARY,x3197654a$phases,0
ANALOG,x3197654a$nominal_voltage.real,0
ANALOG,x3197654a$nominal_voltage.imag,0
BINARY,l2764403$phases,0
ANALOG,l2764403$nominal_voltage.real,0
ANALOG,l2764403$nominal_voltage.imag,0
BINARY,m1047723$phases,0
ANALOG,m1047723$nominal_voltage.real,0
ANALOG,m1047723$nominal_voltage.imag,0
BINARY,l3082992$phases,0
ANALOG,l3082992$nominal_voltage.real,0
ANALOG,l3082992$nominal_voltage.imag,0
BINARY,m1047729$phases,0
ANALOG,m1047729$nominal_voltage.real,0
ANALOG,m1047729$nominal_voltage.imag,0
BINARY,l3082983$phases,0
ANALOG,l3082983$nominal_voltage.real,0
ANALOG,l3082983$nominal_voltage.imag,0
BINARY,x3197653b$phases,0
ANALOG,x3197653b$nominal_voltage.real,0
ANALOG,x3197653b$nominal_voltage.imag,0
BINARY,m1047733$phases,0
ANALOG,m1047733$nominal_voltage.real,0
ANALOG,m1047733$nominal_voltage.imag,0
BINARY,m1047702$phases,0
ANALOG,m1047702$nominal_voltage.real,0
ANALOG,m1047702$nominal_voltage.imag,0
BINARY,m1047707$phases,0
ANALOG,m1047707$nominal_voltage.real,0
ANALOG,m1047707$nominal_voltage.imag,0
BINARY,d5578300-1_int$phases,0
ANALOG,d5578300-1_int$nominal_voltage.real,0
ANALOG,d5578300-1_int$nominal_voltage.imag,0
BINARY,l2801950$phases,0
ANALOG,l2801950$nominal_voltage.real,0
ANALOG,l2801950$nominal_voltage.imag,0
BINARY,sx3010580b$phases,0
ANALOG,sx3010580b$nominal_voltage.real,0
ANALOG,sx3010580b$nominal_voltage.imag,0
BINARY,l3160100$phases,0
ANALOG,l3160100$nominal_voltage.real,0
ANALOG,l3160100$nominal_voltage.imag,0
BINARY,x3254209c$phases,0
ANALOG,x3254209c$nominal_voltage.real,0
ANALOG,x3254209c$nominal_voltage.imag,0
BINARY,l3232902$phases,0
ANALOG,l3232902$nominal_voltage.real,0
ANALOG,l3232902$nominal_voltage.imag,0
BINARY,x2990098a$phases,0
ANALOG,x2990098a$nominal_voltage.real,0
ANALOG,x2990098a$nominal_voltage.imag,0
BINARY,sx2748125c$phases,0
ANALOG,sx2748125c$nominal_voltage.real,0
ANALOG,sx2748125c$nominal_voltage.imag,0
BINARY,sx2814529b$phases,0
ANALOG,sx2814529b$nominal_voltage.real,0
ANALOG,sx2814529b$nominal_voltage.imag,0
BINARY,x3048196b$phases,0
ANALOG,x3048196b$nominal_voltage.real,0
ANALOG,x3048196b$nominal_voltage.imag,0
BINARY,regxfmr_hvmv69sub1_lsb1$phases,0
ANALOG,regxfmr_hvmv69sub1_lsb1$nominal_voltage.real,0
ANALOG,regxfmr_hvmv69sub1_lsb1$nominal_voltage.imag,0
BINARY,l3104830$phases,0
ANALOG,l3104830$nominal_voltage.real,0
ANALOG,l3104830$nominal_voltage.imag,0
BINARY,m1186065$phases,0
ANALOG,m1186065$nominal_voltage.real,0
ANALOG,m1186065$nominal_voltage.imag,0
BINARY,m1186061$phases,0
ANALOG,m1186061$nominal_voltage.real,0
ANALOG,m1186061$nominal_voltage.imag,0
BINARY,m1125987$phases,0
ANALOG,m1125987$nominal_voltage.real,0
ANALOG,m1125987$nominal_voltage.imag,0
BINARY,m1125988$phases,0
ANALOG,m1125988$nominal_voltage.real,0
ANALOG,m1125988$nominal_voltage.imag,0
BINARY,sx2916606c$phases,0
ANALOG,sx2916606c$nominal_voltage.real,0
ANALOG,sx2916606c$nominal_voltage.imag,0
BINARY,sx3217057a$phases,0
ANALOG,sx3217057a$nominal_voltage.real,0
ANALOG,sx3217057a$nominal_voltage.imag,0
BINARY,m1125976$phases,0
ANALOG,m1125976$nominal_voltage.real,0
ANALOG,m1125976$nominal_voltage.imag,0
BINARY,sx3122837c$phases,0
ANALOG,sx3122837c$nominal_voltage.real,0
ANALOG,sx3122837c$nominal_voltage.imag,0
BINARY,l2764436$phases,0
ANALOG,l2764436$nominal_voltage.real,0
ANALOG,l2764436$nominal_voltage.imag,0
BINARY,l3104856$phases,0
ANALOG,l3104856$nominal_voltage.real,0
ANALOG,l3104856$nominal_voltage.imag,0
BINARY,l2916234$phases,0
ANALOG,l2916234$nominal_voltage.real,0
ANALOG,l2916234$nominal_voltage.imag,0
BINARY,x2000402a$phases,0
ANALOG,x2000402a$nominal_voltage.real,0
ANALOG,x2000402a$nominal_voltage.imag,0
BINARY,x2710514b$phases,0
ANALOG,x2710514b$nominal_voltage.real,0
ANALOG,x2710514b$nominal_voltage.imag,0
BINARY,x2673320b$phases,0
ANALOG,x2673320b$nominal_voltage.real,0
ANALOG,x2673320b$nominal_voltage.imag,0
BINARY,hvmv11sub1_lsb$phases,0
ANALOG,hvmv11sub1_lsb$nominal_voltage.real,0
ANALOG,hvmv11sub1_lsb$nominal_voltage.imag,0
BINARY,x3104136b$phases,0
ANALOG,x3104136b$nominal_voltage.real,0
ANALOG,x3104136b$nominal_voltage.imag,0
BINARY,x2000412a$phases,0
ANALOG,x2000412a$nominal_voltage.real,0
ANALOG,x2000412a$nominal_voltage.imag,0
BINARY,sx2000410a$phases,0
ANALOG,sx2000410a$nominal_voltage.real,0
ANALOG,sx2000410a$nominal_voltage.imag,0
BINARY,sx2917328b$phases,0
ANALOG,sx2917328b$nominal_voltage.real,0
ANALOG,sx2917328b$nominal_voltage.imag,0
BINARY,n1137002$phases,0
ANALOG,n1137002$nominal_voltage.real,0
ANALOG,n1137002$nominal_voltage.imag,0
BINARY,x2000410a$phases,0
ANALOG,x2000410a$nominal_voltage.real,0
ANALOG,x2000410a$nominal_voltage.imag,0
BINARY,l3235245$phases,0
ANALOG,l3235245$nominal_voltage.real,0
ANALOG,l3235245$nominal_voltage.imag,0
BINARY,l3235242$phases,0
ANALOG,l3235242$nominal_voltage.real,0
ANALOG,l3235242$nominal_voltage.imag,0
BINARY,x2822872b$phases,0
ANALOG,x2822872b$nominal_voltage.real,0
ANALOG,x2822872b$nominal_voltage.imag,0
BINARY,sx3066812a$phases,0
ANALOG,sx3066812a$nominal_voltage.real,0
ANALOG,sx3066812a$nominal_voltage.imag,0
BINARY,l3235248$phases,0
ANALOG,l3235248$nominal_voltage.real,0
ANALOG,l3235248$nominal_voltage.imag,0
BINARY,x2673322b$phases,0
ANALOG,x2673322b$nominal_voltage.real,0
ANALOG,x2673322b$nominal_voltage.imag,0
BINARY,l3235254$phases,0
ANALOG,l3235254$nominal_voltage.real,0
ANALOG,l3235254$nominal_voltage.imag,0
BINARY,l3235255$phases,0
ANALOG,l3235255$nominal_voltage.real,0
ANALOG,l3235255$nominal_voltage.imag,0
BINARY,x2692633c$phases,0
ANALOG,x2692633c$nominal_voltage.real,0
ANALOG,x2692633c$nominal_voltage.imag,0
BINARY,sx2879067a$phases,0
ANALOG,sx2879067a$nominal_voltage.real,0
ANALOG,sx2879067a$nominal_voltage.imag,0
BINARY,l3235266$phases,0
ANALOG,l3235266$nominal_voltage.real,0
ANALOG,l3235266$nominal_voltage.imag,0
BINARY,sx3216337a$phases,0
ANALOG,sx3216337a$nominal_voltage.real,0
ANALOG,sx3216337a$nominal_voltage.imag,0
BINARY,x2748781a$phases,0
ANALOG,x2748781a$nominal_voltage.real,0
ANALOG,x2748781a$nominal_voltage.imag,0
BINARY,x2935567b$phases,0
ANALOG,x2935567b$nominal_voltage.real,0
ANALOG,x2935567b$nominal_voltage.imag,0
BINARY,x2841626c$phases,0
ANALOG,x2841626c$nominal_voltage.real,0
ANALOG,x2841626c$nominal_voltage.imag,0
BINARY,l3048210$phases,0
ANALOG,l3048210$nominal_voltage.real,0
ANALOG,l3048210$nominal_voltage.imag,0
BINARY,l3048212$phases,0
ANALOG,l3048212$nominal_voltage.real,0
ANALOG,l3048212$nominal_voltage.imag,0
BINARY,l3048209$phases,0
ANALOG,l3048209$nominal_voltage.real,0
ANALOG,l3048209$nominal_voltage.imag,0
BINARY,p895114$phases,0
ANALOG,p895114$nominal_voltage.real,0
ANALOG,p895114$nominal_voltage.imag,0
BINARY,l3160098$phases,0
ANALOG,l3160098$nominal_voltage.real,0
ANALOG,l3160098$nominal_voltage.imag,0
BINARY,x3216370c$phases,0
ANALOG,x3216370c$nominal_voltage.real,0
ANALOG,x3216370c$nominal_voltage.imag,0
BINARY,m1026783$phases,0
ANALOG,m1026783$nominal_voltage.real,0
ANALOG,m1026783$nominal_voltage.imag,0
BINARY,m1026784$phases,0
ANALOG,m1026784$nominal_voltage.real,0
ANALOG,m1026784$nominal_voltage.imag,0
BINARY,x3029507b$phases,0
ANALOG,x3029507b$nominal_voltage.real,0
ANALOG,x3029507b$nominal_voltage.imag,0
BINARY,sx2821770a$phases,0
ANALOG,sx2821770a$nominal_voltage.real,0
ANALOG,sx2821770a$nominal_voltage.imag,0
BINARY,x2841623a$phases,0
ANALOG,x2841623a$nominal_voltage.real,0
ANALOG,x2841623a$nominal_voltage.imag,0
BINARY,m1047699$phases,0
ANALOG,m1047699$nominal_voltage.real,0
ANALOG,m1047699$nominal_voltage.imag,0
BINARY,l2897554$phases,0
ANALOG,l2897554$nominal_voltage.real,0
ANALOG,l2897554$nominal_voltage.imag,0
BINARY,x2897793a$phases,0
ANALOG,x2897793a$nominal_voltage.real,0
ANALOG,x2897793a$nominal_voltage.imag,0
BINARY,n1137001$phases,0
ANALOG,n1137001$nominal_voltage.real,0
ANALOG,n1137001$nominal_voltage.imag,0
BINARY,x2860499b$phases,0
ANALOG,x2860499b$nominal_voltage.real,0
ANALOG,x2860499b$nominal_voltage.imag,0
BINARY,x2879767b$phases,0
ANALOG,x2879767b$nominal_voltage.real,0
ANALOG,x2879767b$nominal_voltage.imag,0
BINARY,x3122826a$phases,0
ANALOG,x3122826a$nominal_voltage.real,0
ANALOG,x3122826a$nominal_voltage.imag,0
BINARY,x2897791b$phases,0
ANALOG,x2897791b$nominal_voltage.real,0
ANALOG,x2897791b$nominal_voltage.imag,0
BINARY,sx3197618a$phases,0
ANALOG,sx3197618a$nominal_voltage.real,0
ANALOG,sx3197618a$nominal_voltage.imag,0
BINARY,x3254212b$phases,0
ANALOG,x3254212b$nominal_voltage.real,0
ANALOG,x3254212b$nominal_voltage.imag,0
BINARY,l2955005$phases,0
ANALOG,l2955005$nominal_voltage.real,0
ANALOG,l2955005$nominal_voltage.imag,0
BINARY,l3216361$phases,0
ANALOG,l3216361$nominal_voltage.real,0
ANALOG,l3216361$nominal_voltage.imag,0
BINARY,l2766720$phases,0
ANALOG,l2766720$nominal_voltage.real,0
ANALOG,l2766720$nominal_voltage.imag,0
BINARY,l2766727$phases,0
ANALOG,l2766727$nominal_voltage.real,0
ANALOG,l2766727$nominal_voltage.imag,0
BINARY,l2766724$phases,0
ANALOG,l2766724$nominal_voltage.real,0
ANALOG,l2766724$nominal_voltage.imag,0
BINARY,q16642_cap$phases,0
ANALOG,q16642_cap$nominal_voltage.real,0
ANALOG,q16642_cap$nominal_voltage.imag,0
BINARY,l2766728$phases,0
ANALOG,l2766728$nominal_voltage.real,0
ANALOG,l2766728$nominal_voltage.imag,0
BINARY,sx3197633a$phases,0
ANALOG,sx3197633a$nominal_voltage.real,0
ANALOG,sx3197633a$nominal_voltage.imag,0
BINARY,m1047623$phases,0
ANALOG,m1047623$nominal_voltage.real,0
ANALOG,m1047623$nominal_voltage.imag,0
BINARY,r18241$phases,0
ANALOG,r18241$nominal_voltage.real,0
ANALOG,r18241$nominal_voltage.imag,0
BINARY,x3104830c$phases,0
ANALOG,x3104830c$nominal_voltage.real,0
ANALOG,x3104830c$nominal_voltage.imag,0
BINARY,l2766715$phases,0
ANALOG,l2766715$nominal_voltage.real,0
ANALOG,l2766715$nominal_voltage.imag,0
BINARY,m1047633$phases,0
ANALOG,m1047633$nominal_voltage.real,0
ANALOG,m1047633$nominal_voltage.imag,0
BINARY,m1026700$phases,0
ANALOG,m1026700$nominal_voltage.real,0
ANALOG,m1026700$nominal_voltage.imag,0
BINARY,m1026706$phases,0
ANALOG,m1026706$nominal_voltage.real,0
ANALOG,m1026706$nominal_voltage.imag,0
BINARY,l3216337$phases,0
ANALOG,l3216337$nominal_voltage.real,0
ANALOG,l3216337$nominal_voltage.imag,0
BINARY,m1026704$phases,0
ANALOG,m1026704$nominal_voltage.real,0
ANALOG,m1026704$nominal_voltage.imag,0
BINARY,d6138608-3_int$phases,0
ANALOG,d6138608-3_int$nominal_voltage.real,0
ANALOG,d6138608-3_int$nominal_voltage.imag,0
BINARY,x2991908a$phases,0
ANALOG,x2991908a$nominal_voltage.real,0
ANALOG,x2991908a$nominal_voltage.imag,0
BINARY,l3010563$phases,0
ANALOG,l3010563$nominal_voltage.real,0
ANALOG,l3010563$nominal_voltage.imag,0
BINARY,x2821087a$phases,0
ANALOG,x2821087a$nominal_voltage.real,0
ANALOG,x2821087a$nominal_voltage.imag,0
BINARY,x2915534a$phases,0
ANALOG,x2915534a$nominal_voltage.real,0
ANALOG,x2915534a$nominal_voltage.imag,0
BINARY,sx2745811c$phases,0
ANALOG,sx2745811c$nominal_voltage.real,0
ANALOG,sx2745811c$nominal_voltage.imag,0
BINARY,sx2763812c$phases,0
ANALOG,sx2763812c$nominal_voltage.real,0
ANALOG,sx2763812c$nominal_voltage.imag,0
BINARY,l3010580$phases,0
ANALOG,l3010580$nominal_voltage.real,0
ANALOG,l3010580$nominal_voltage.imag,0
BINARY,m1089094$phases,0
ANALOG,m1089094$nominal_voltage.real,0
ANALOG,m1089094$nominal_voltage.imag,0
BINARY,m1089097$phases,0
ANALOG,m1089097$nominal_voltage.real,0
ANALOG,m1089097$nominal_voltage.imag,0
BINARY,x2766499c$phases,0
ANALOG,x2766499c$nominal_voltage.real,0
ANALOG,x2766499c$nominal_voltage.imag,0
BINARY,l3234185$phases,0
ANALOG,l3234185$nominal_voltage.real,0
ANALOG,l3234185$nominal_voltage.imag,0
BINARY,l3030126$phases,0
ANALOG,l3030126$nominal_voltage.real,0
ANALOG,l3030126$nominal_voltage.imag,0
BINARY,x2685809a$phases,0
ANALOG,x2685809a$nominal_voltage.real,0
ANALOG,x2685809a$nominal_voltage.imag,0
BINARY,n1145956$phases,0
ANALOG,n1145956$nominal_voltage.real,0
ANALOG,n1145956$nominal_voltage.imag,0
BINARY,x2991901b$phases,0
ANALOG,x2991901b$nominal_voltage.real,0
ANALOG,x2991901b$nominal_voltage.imag,0
BINARY,l3008237$phases,0
ANALOG,l3008237$nominal_voltage.real,0
ANALOG,l3008237$nominal_voltage.imag,0
BINARY,sx3160871c$phases,0
ANALOG,sx3160871c$nominal_voltage.real,0
ANALOG,sx3160871c$nominal_voltage.imag,0
BINARY,l2990098$phases,0
ANALOG,l2990098$nominal_voltage.real,0
ANALOG,l2990098$nominal_voltage.imag,0
BINARY,sx2001212c$phases,0
ANALOG,sx2001212c$nominal_voltage.real,0
ANALOG,sx2001212c$nominal_voltage.imag,0
BINARY,l3010559$phases,0
ANALOG,l3010559$nominal_voltage.real,0
ANALOG,l3010559$nominal_voltage.imag,0
BINARY,sx3198347c$phases,0
ANALOG,sx3198347c$nominal_voltage.real,0
ANALOG,sx3198347c$nominal_voltage.imag,0
BINARY,l2766746$phases,0
ANALOG,l2766746$nominal_voltage.real,0
ANALOG,l2766746$nominal_voltage.imag,0
BINARY,n1144666$phases,0
ANALOG,n1144666$nominal_voltage.real,0
ANALOG,n1144666$nominal_voltage.imag,0
BINARY,m4362177$phases,0
ANALOG,m4362177$nominal_voltage.real,0
ANALOG,m4362177$nominal_voltage.imag,0
BINARY,l2745811$phases,0
ANALOG,l2745811$nominal_voltage.real,0
ANALOG,l2745811$nominal_voltage.imag,0
BINARY,x3160098a$phases,0
ANALOG,x3160098a$nominal_voltage.real,0
ANALOG,x3160098a$nominal_voltage.imag,0
BINARY,q14404$phases,0
ANALOG,q14404$nominal_voltage.real,0
ANALOG,q14404$nominal_voltage.imag,0
BINARY,l3101814$phases,0
ANALOG,l3101814$nominal_voltage.real,0
ANALOG,l3101814$nominal_voltage.imag,0
BINARY,x3066830b$phases,0
ANALOG,x3066830b$nominal_voltage.real,0
ANALOG,x3066830b$nominal_voltage.imag,0
BINARY,l3179646$phases,0
ANALOG,l3179646$nominal_voltage.real,0
ANALOG,l3179646$nominal_voltage.imag,0
BINARY,x3008237c$phases,0
ANALOG,x3008237c$nominal_voltage.real,0
ANALOG,x3008237c$nominal_voltage.imag,0
BINARY,l3047073$phases,0
ANALOG,l3047073$nominal_voltage.real,0
ANALOG,l3047073$nominal_voltage.imag,0
BINARY,l3179650$phases,0
ANALOG,l3179650$nominal_voltage.real,0
ANALOG,l3179650$nominal_voltage.imag,0
BINARY,m1026chp-2$phases,0
ANALOG,m1026chp-2$nominal_voltage.real,0
ANALOG,m1026chp-2$nominal_voltage.imag,0
BINARY,x2766715b$phases,0
ANALOG,x2766715b$nominal_voltage.real,0
ANALOG,x2766715b$nominal_voltage.imag,0
BINARY,l2861223$phases,0
ANALOG,l2861223$nominal_voltage.real,0
ANALOG,l2861223$nominal_voltage.imag,0
BINARY,l2841623$phases,0
ANALOG,l2841623$nominal_voltage.real,0
ANALOG,l2841623$nominal_voltage.imag,0
BINARY,l2841626$phases,0
ANALOG,l2841626$nominal_voltage.real,0
ANALOG,l2841626$nominal_voltage.imag,0
BINARY,m1026682$phases,0
ANALOG,m1026682$nominal_voltage.real,0
ANALOG,m1026682$nominal_voltage.imag,0
BINARY,x3216361b$phases,0
ANALOG,x3216361b$nominal_voltage.real,0
ANALOG,x3216361b$nominal_voltage.imag,0
BINARY,m2000413$phases,0
ANALOG,m2000413$nominal_voltage.real,0
ANALOG,m2000413$nominal_voltage.imag,0
BINARY,m2000412$phases,0
ANALOG,m2000412$nominal_voltage.real,0
ANALOG,m2000412$nominal_voltage.imag,0
BINARY,m2000410$phases,0
ANALOG,m2000410$nominal_voltage.real,0
ANALOG,m2000410$nominal_voltage.imag,0
BINARY,l2841616$phases,0
ANALOG,l2841616$nominal_voltage.real,0
ANALOG,l2841616$nominal_voltage.imag,0
BINARY,m2000415$phases,0
ANALOG,m2000415$nominal_voltage.real,0
ANALOG,m2000415$nominal_voltage.imag,0
BINARY,x3234149a$phases,0
ANALOG,x3234149a$nominal_voltage.real,0
ANALOG,x3234149a$nominal_voltage.imag,0
BINARY,x3234149b$phases,0
ANALOG,x3234149b$nominal_voltage.real,0
ANALOG,x3234149b$nominal_voltage.imag,0
BINARY,x3234149c$phases,0
ANALOG,x3234149c$nominal_voltage.real,0
ANALOG,x3234149c$nominal_voltage.imag,0
BINARY,m2000402$phases,0
ANALOG,m2000402$nominal_voltage.real,0
ANALOG,m2000402$nominal_voltage.imag,0
BINARY,x3048962a$phases,0
ANALOG,x3048962a$nominal_voltage.real,0
ANALOG,x3048962a$nominal_voltage.imag,0
BINARY,x3010559a$phases,0
ANALOG,x3010559a$nominal_voltage.real,0
ANALOG,x3010559a$nominal_voltage.imag,0
BINARY,sx2841616a$phases,0
ANALOG,sx2841616a$nominal_voltage.real,0
ANALOG,sx2841616a$nominal_voltage.imag,0
BINARY,sx3197629b$phases,0
ANALOG,sx3197629b$nominal_voltage.real,0
ANALOG,sx3197629b$nominal_voltage.imag,0
BINARY,x2861223b$phases,0
ANALOG,x2861223b$nominal_voltage.real,0
ANALOG,x2861223b$nominal_voltage.imag,0
BINARY,x3082992a$phases,0
ANALOG,x3082992a$nominal_voltage.real,0
ANALOG,x3082992a$nominal_voltage.imag,0
BINARY,l2724120$phases,0
ANALOG,l2724120$nominal_voltage.real,0
ANALOG,l2724120$nominal_voltage.imag,0
BINARY,x3082993a$phases,0
ANALOG,x3082993a$nominal_voltage.real,0
ANALOG,x3082993a$nominal_voltage.imag,0
BINARY,x3048210a$phases,0
ANALOG,x3048210a$nominal_voltage.real,0
ANALOG,x3048210a$nominal_voltage.imag,0
BINARY,p829977$phases,0
ANALOG,p829977$nominal_voltage.real,0
ANALOG,p829977$nominal_voltage.imag,0
BINARY,p829978$phases,0
ANALOG,p829978$nominal_voltage.real,0
ANALOG,p829978$nominal_voltage.imag,0
BINARY,d5861005-2_int$phases,0
ANALOG,d5861005-2_int$nominal_voltage.real,0
ANALOG,d5861005-2_int$nominal_voltage.imag,0
BINARY,m1026667$phases,0
ANALOG,m1026667$nominal_voltage.real,0
ANALOG,m1026667$nominal_voltage.imag,0
BINARY,m1026661$phases,0
ANALOG,m1026661$nominal_voltage.real,0
ANALOG,m1026661$nominal_voltage.imag,0
BINARY,x3142050c$phases,0
ANALOG,x3142050c$nominal_voltage.real,0
ANALOG,x3142050c$nominal_voltage.imag,0
BINARY,x2763072b$phases,0
ANALOG,x2763072b$nominal_voltage.real,0
ANALOG,x2763072b$nominal_voltage.imag,0
BINARY,p829963$phases,0
ANALOG,p829963$nominal_voltage.real,0
ANALOG,p829963$nominal_voltage.imag,0
BINARY,m1047574$phases,0
ANALOG,m1047574$nominal_voltage.real,0
ANALOG,m1047574$nominal_voltage.imag,0
BINARY,x2933135a$phases,0
ANALOG,x2933135a$nominal_voltage.real,0
ANALOG,x2933135a$nominal_voltage.imag,0
BINARY,x2814529b$phases,0
ANALOG,x2814529b$nominal_voltage.real,0
ANALOG,x2814529b$nominal_voltage.imag,0
BINARY,x3048212a$phases,0
ANALOG,x3048212a$nominal_voltage.real,0
ANALOG,x3048212a$nominal_voltage.imag,0
BINARY,m1089103$phases,0
ANALOG,m1089103$nominal_voltage.real,0
ANALOG,m1089103$nominal_voltage.imag,0
BINARY,x2785524c$phases,0
ANALOG,x2785524c$nominal_voltage.real,0
ANALOG,x2785524c$nominal_voltage.imag,0
BINARY,m1026chp-1$phases,0
ANALOG,m1026chp-1$nominal_voltage.real,0
ANALOG,m1026chp-1$nominal_voltage.imag,0
BINARY,m1089113$phases,0
ANALOG,m1089113$nominal_voltage.real,0
ANALOG,m1089113$nominal_voltage.imag,0
BINARY,sx2917359a$phases,0
ANALOG,sx2917359a$nominal_voltage.real,0
ANALOG,sx2917359a$nominal_voltage.imag,0
BINARY,m1149233$phases,0
ANALOG,m1149233$nominal_voltage.real,0
ANALOG,m1149233$nominal_voltage.imag,0
BINARY,m1089120$phases,0
ANALOG,m1089120$nominal_voltage.real,0
ANALOG,m1089120$nominal_voltage.imag,0
BINARY,m1047520$phases,0
ANALOG,m1047520$nominal_voltage.real,0
ANALOG,m1047520$nominal_voltage.imag,0
BINARY,m1047521$phases,0
ANALOG,m1047521$nominal_voltage.real,0
ANALOG,m1047521$nominal_voltage.imag,0
BINARY,m1047526$phases,0
ANALOG,m1047526$nominal_voltage.real,0
ANALOG,m1047526$nominal_voltage.imag,0
BINARY,x2992624a$phases,0
ANALOG,x2992624a$nominal_voltage.real,0
ANALOG,x2992624a$nominal_voltage.imag,0
BINARY,x2785527a$phases,0
ANALOG,x2785527a$nominal_voltage.real,0
ANALOG,x2785527a$nominal_voltage.imag,0
BINARY,l3197633$phases,0
ANALOG,l3197633$nominal_voltage.real,0
ANALOG,l3197633$nominal_voltage.imag,0
BINARY,l3197631$phases,0
ANALOG,l3197631$nominal_voltage.real,0
ANALOG,l3197631$nominal_voltage.imag,0
BINARY,l3197629$phases,0
ANALOG,l3197629$nominal_voltage.real,0
ANALOG,l3197629$nominal_voltage.imag,0
BINARY,n1147864$phases,0
ANALOG,n1147864$nominal_voltage.real,0
ANALOG,n1147864$nominal_voltage.imag,0
BINARY,sx3048937c$phases,0
ANALOG,sx3048937c$nominal_voltage.real,0
ANALOG,sx3048937c$nominal_voltage.imag,0
BINARY,x3217064b$phases,0
ANALOG,x3217064b$nominal_voltage.real,0
ANALOG,x3217064b$nominal_voltage.imag,0
BINARY,l3197654$phases,0
ANALOG,l3197654$nominal_voltage.real,0
ANALOG,l3197654$nominal_voltage.imag,0
BINARY,l3197653$phases,0
ANALOG,l3197653$nominal_voltage.real,0
ANALOG,l3197653$nominal_voltage.imag,0
BINARY,l3197644$phases,0
ANALOG,l3197644$nominal_voltage.real,0
ANALOG,l3197644$nominal_voltage.imag,0
BINARY,l3197643$phases,0
ANALOG,l3197643$nominal_voltage.real,0
ANALOG,l3197643$nominal_voltage.imag,0
BINARY,l2748139$phases,0
ANALOG,l2748139$nominal_voltage.real,0
ANALOG,l2748139$nominal_voltage.imag,0
BINARY,l2748140$phases,0
ANALOG,l2748140$nominal_voltage.real,0
ANALOG,l2748140$nominal_voltage.imag,0
BINARY,x3030203c$phases,0
ANALOG,x3030203c$nominal_voltage.real,0
ANALOG,x3030203c$nominal_voltage.imag,0
BINARY,x3030205c$phases,0
ANALOG,x3030205c$nominal_voltage.real,0
ANALOG,x3030205c$nominal_voltage.imag,0
BINARY,sx2804262a$phases,0
ANALOG,sx2804262a$nominal_voltage.real,0
ANALOG,sx2804262a$nominal_voltage.imag,0
BINARY,x2691946b$phases,0
ANALOG,x2691946b$nominal_voltage.real,0
ANALOG,x2691946b$nominal_voltage.imag,0
BINARY,l3197618$phases,0
ANALOG,l3197618$nominal_voltage.real,0
ANALOG,l3197618$nominal_voltage.imag,0
BINARY,x2684420b$phases,0
ANALOG,x2684420b$nominal_voltage.real,0
ANALOG,x2684420b$nominal_voltage.imag,0
BINARY,l3101194$phases,0
ANALOG,l3101194$nominal_voltage.real,0
ANALOG,l3101194$nominal_voltage.imag,0
BINARY,l2748125$phases,0
ANALOG,l2748125$nominal_voltage.real,0
ANALOG,l2748125$nominal_voltage.imag,0
BINARY,l2915534$phases,0
ANALOG,l2915534$nominal_voltage.real,0
ANALOG,l2915534$nominal_voltage.imag,0
BINARY,x3027124c$phases,0
ANALOG,x3027124c$nominal_voltage.real,0
ANALOG,x3027124c$nominal_voltage.imag,0
BINARY,l2748127$phases,0
ANALOG,l2748127$nominal_voltage.real,0
ANALOG,l2748127$nominal_voltage.imag,0
BINARY,l2748135$phases,0
ANALOG,l2748135$nominal_voltage.real,0
ANALOG,l2748135$nominal_voltage.imag,0
BINARY,x3048963b$phases,0
ANALOG,x3048963b$nominal_voltage.real,0
ANALOG,x3048963b$nominal_voltage.imag,0
BINARY,sx2803199a$phases,0
ANALOG,sx2803199a$nominal_voltage.real,0
ANALOG,sx2803199a$nominal_voltage.imag,0
BINARY,sx2767342a$phases,0
ANALOG,sx2767342a$nominal_voltage.real,0
ANALOG,sx2767342a$nominal_voltage.imag,0
BINARY,sx3030126c$phases,0
ANALOG,sx3030126c$nominal_voltage.real,0
ANALOG,sx3030126c$nominal_voltage.imag,0
BINARY,sx3048890c$phases,0
ANALOG,sx3048890c$nominal_voltage.real,0
ANALOG,sx3048890c$nominal_voltage.imag,0
BINARY,m3763623$phases,0
ANALOG,m3763623$nominal_voltage.real,0
ANALOG,m3763623$nominal_voltage.imag,0
BINARY,m1027013$phases,0
ANALOG,m1027013$nominal_voltage.real,0
ANALOG,m1027013$nominal_voltage.imag,0
BINARY,m1027014$phases,0
ANALOG,m1027014$nominal_voltage.real,0
ANALOG,m1027014$nominal_voltage.imag,0
BINARY,p903360$phases,0
ANALOG,p903360$nominal_voltage.real,0
ANALOG,p903360$nominal_voltage.imag,0
BINARY,l3030203$phases,0
ANALOG,l3030203$nominal_voltage.real,0
ANALOG,l3030203$nominal_voltage.imag,0
BINARY,m4122658$phases,0
ANALOG,m4122658$nominal_voltage.real,0
ANALOG,m4122658$nominal_voltage.imag,0
BINARY,sx2767340b$phases,0
ANALOG,sx2767340b$nominal_voltage.real,0
ANALOG,sx2767340b$nominal_voltage.imag,0
BINARY,m4122657$phases,0
ANALOG,m4122657$nominal_voltage.real,0
ANALOG,m4122657$nominal_voltage.imag,0
BINARY,l3085396$phases,0
ANALOG,l3085396$nominal_voltage.real,0
ANALOG,l3085396$nominal_voltage.imag,0
BINARY,l3085395$phases,0
ANALOG,l3085395$nominal_voltage.real,0
ANALOG,l3085395$nominal_voltage.imag,0
BINARY,l3030205$phases,0
ANALOG,l3030205$nominal_voltage.real,0
ANALOG,l3030205$nominal_voltage.imag,0
BINARY,l3085398$phases,0
ANALOG,l3085398$nominal_voltage.real,0
ANALOG,l3085398$nominal_voltage.imag,0
BINARY,m1027041$phases,0
ANALOG,m1027041$nominal_voltage.real,0
ANALOG,m1027041$nominal_voltage.imag,0
BINARY,m1027042$phases,0
ANALOG,m1027042$nominal_voltage.real,0
ANALOG,m1027042$nominal_voltage.imag,0
BINARY,m1008753$phases,0
ANALOG,m1008753$nominal_voltage.real,0
ANALOG,m1008753$nominal_voltage.imag,0
BINARY,q1301$phases,0
ANALOG,q1301$nominal_voltage.real,0
ANALOG,q1301$nominal_voltage.imag,0
BINARY,l3085388$phases,0
ANALOG,l3085388$nominal_voltage.real,0
ANALOG,l3085388$nominal_voltage.imag,0
BINARY,sx3120503a$phases,0
ANALOG,sx3120503a$nominal_voltage.real,0
ANALOG,sx3120503a$nominal_voltage.imag,0
BINARY,sx2954344c$phases,0
ANALOG,sx2954344c$nominal_voltage.real,0
ANALOG,sx2954344c$nominal_voltage.imag,0
BINARY,m1027027$phases,0
ANALOG,m1027027$nominal_voltage.real,0
ANALOG,m1027027$nominal_voltage.imag,0
BINARY,m1027023$phases,0
ANALOG,m1027023$nominal_voltage.real,0
ANALOG,m1027023$nominal_voltage.imag,0
BINARY,l2917328$phases,0
ANALOG,l2917328$nominal_voltage.real,0
ANALOG,l2917328$nominal_voltage.imag,0
BINARY,l2917330$phases,0
ANALOG,l2917330$nominal_voltage.real,0
ANALOG,l2917330$nominal_voltage.imag,0
BINARY,x2688693c$phases,0
ANALOG,x2688693c$nominal_voltage.real,0
ANALOG,x2688693c$nominal_voltage.imag,0
BINARY,x2673343b$phases,0
ANALOG,x2673343b$nominal_voltage.real,0
ANALOG,x2673343b$nominal_voltage.imag,0
BINARY,x2955005b$phases,0
ANALOG,x2955005b$nominal_voltage.real,0
ANALOG,x2955005b$nominal_voltage.imag,0
BINARY,x2916234a$phases,0
ANALOG,x2916234a$nominal_voltage.real,0
ANALOG,x2916234a$nominal_voltage.imag,0
BINARY,sx3649298a$phases,0
ANALOG,sx3649298a$nominal_voltage.real,0
ANALOG,sx3649298a$nominal_voltage.imag,0
BINARY,m1027000$phases,0
ANALOG,m1027000$nominal_voltage.real,0
ANALOG,m1027000$nominal_voltage.imag,0
BINARY,l2917359$phases,0
ANALOG,l2917359$nominal_voltage.real,0
ANALOG,l2917359$nominal_voltage.imag,0
BINARY,x2688692b$phases,0
ANALOG,x2688692b$nominal_voltage.real,0
ANALOG,x2688692b$nominal_voltage.imag,0
BINARY,x2862616c$phases,0
ANALOG,x2862616c$nominal_voltage.real,0
ANALOG,x2862616c$nominal_voltage.imag,0
BINARY,sx3085395a$phases,0
ANALOG,sx3085395a$nominal_voltage.real,0
ANALOG,sx3085395a$nominal_voltage.imag,0
BINARY,l3234149$phases,0
ANALOG,l3234149$nominal_voltage.real,0
ANALOG,l3234149$nominal_voltage.imag,0
BINARY,l2767340$phases,0
ANALOG,l2767340$nominal_voltage.real,0
ANALOG,l2767340$nominal_voltage.imag,0
BINARY,x3254230a$phases,0
ANALOG,x3254230a$nominal_voltage.real,0
ANALOG,x3254230a$nominal_voltage.imag,0
BINARY,l2862616$phases,0
ANALOG,l2862616$nominal_voltage.real,0
ANALOG,l2862616$nominal_voltage.imag,0
BINARY,m1047490$phases,0
ANALOG,m1047490$nominal_voltage.real,0
ANALOG,m1047490$nominal_voltage.imag,0
BINARY,x3066821a$phases,0
ANALOG,x3066821a$nominal_voltage.real,0
ANALOG,x3066821a$nominal_voltage.imag,0
BINARY,m1047485$phases,0
ANALOG,m1047485$nominal_voltage.real,0
ANALOG,m1047485$nominal_voltage.imag,0
BINARY,x2859403a$phases,0
ANALOG,x2859403a$nominal_voltage.real,0
ANALOG,x2859403a$nominal_voltage.imag,0
BINARY,x3232902a$phases,0
ANALOG,x3232902a$nominal_voltage.real,0
ANALOG,x3232902a$nominal_voltage.imag,0
BINARY,sx3085396a$phases,0
ANALOG,sx3085396a$nominal_voltage.real,0
ANALOG,sx3085396a$nominal_voltage.imag,0
BINARY,q16483_cap$phases,0
ANALOG,q16483_cap$nominal_voltage.real,0
ANALOG,q16483_cap$nominal_voltage.imag,0
BINARY,l2954353$phases,0
ANALOG,l2954353$nominal_voltage.real,0
ANALOG,l2954353$nominal_voltage.imag,0
BINARY,l2954350$phases,0
ANALOG,l2954350$nominal_voltage.real,0
ANALOG,l2954350$nominal_voltage.imag,0
BINARY,l2954351$phases,0
ANALOG,l2954351$nominal_voltage.real,0
ANALOG,l2954351$nominal_voltage.imag,0
BINARY,l3104124$phases,0
ANALOG,l3104124$nominal_voltage.real,0
ANALOG,l3104124$nominal_voltage.imag,0
BINARY,221-311359$phases,0
ANALOG,221-311359$nominal_voltage.real,0
ANALOG,221-311359$nominal_voltage.imag,0
BINARY,228-1048090-1_int$phases,0
ANALOG,228-1048090-1_int$nominal_voltage.real,0
ANALOG,228-1048090-1_int$nominal_voltage.imag,0
BINARY,l2992624$phases,0
ANALOG,l2992624$nominal_voltage.real,0
ANALOG,l2992624$nominal_voltage.imag,0
BINARY,l2954344$phases,0
ANALOG,l2954344$nominal_voltage.real,0
ANALOG,l2954344$nominal_voltage.imag,0
BINARY,x2691941c$phases,0
ANALOG,x2691941c$nominal_voltage.real,0
ANALOG,x2691941c$nominal_voltage.imag,0
BINARY,x3254231a$phases,0
ANALOG,x3254231a$nominal_voltage.real,0
ANALOG,x3254231a$nominal_voltage.imag,0
BINARY,l3104144$phases,0
ANALOG,l3104144$nominal_voltage.real,0
ANALOG,l3104144$nominal_voltage.imag,0
BINARY,x2785534b$phases,0
ANALOG,x2785534b$nominal_voltage.real,0
ANALOG,x2785534b$nominal_voltage.imag,0
BINARY,d5804798-3_int$phases,0
ANALOG,d5804798-3_int$nominal_voltage.real,0
ANALOG,d5804798-3_int$nominal_voltage.imag,0
BINARY,x2897554c$phases,0
ANALOG,x2897554c$nominal_voltage.real,0
ANALOG,x2897554c$nominal_voltage.imag,0
BINARY,d2000701_int$phases,0
ANALOG,d2000701_int$nominal_voltage.real,0
ANALOG,d2000701_int$nominal_voltage.imag,0
BINARY,m1089213$phases,0
ANALOG,m1089213$nominal_voltage.real,0
ANALOG,m1089213$nominal_voltage.imag,0
BINARY,l3104136$phases,0
ANALOG,l3104136$nominal_voltage.real,0
ANALOG,l3104136$nominal_voltage.imag,0
BINARY,l3214549$phases,0
ANALOG,l3214549$nominal_voltage.real,0
ANALOG,l3214549$nominal_voltage.imag,0
BINARY,x3082983b$phases,0
ANALOG,x3082983b$nominal_voltage.real,0
ANALOG,x3082983b$nominal_voltage.imag,0
BINARY,x2785535b$phases,0
ANALOG,x2785535b$nominal_voltage.real,0
ANALOG,x2785535b$nominal_voltage.imag,0
BINARY,l3122837$phases,0
ANALOG,l3122837$nominal_voltage.real,0
ANALOG,l3122837$nominal_voltage.imag,0
BINARY,l2763812$phases,0
ANALOG,l2763812$nominal_voltage.real,0
ANALOG,l2763812$nominal_voltage.imag,0
BINARY,x3254237a$phases,0
ANALOG,x3254237a$nominal_voltage.real,0
ANALOG,x3254237a$nominal_voltage.imag,0
BINARY,m1047420$phases,0
ANALOG,m1047420$nominal_voltage.real,0
ANALOG,m1047420$nominal_voltage.imag,0
BINARY,m1047423$phases,0
ANALOG,m1047423$nominal_voltage.real,0
ANALOG,m1047423$nominal_voltage.imag,0
BINARY,x2935547b$phases,0
ANALOG,x2935547b$nominal_voltage.real,0
ANALOG,x2935547b$nominal_voltage.imag,0
BINARY,m1047430$phases,0
ANALOG,m1047430$nominal_voltage.real,0
ANALOG,m1047430$nominal_voltage.imag,0
BINARY,m1047432$phases,0
ANALOG,m1047432$nominal_voltage.real,0
ANALOG,m1047432$nominal_voltage.imag,0
BINARY,l2992656$phases,0
ANALOG,l2992656$nominal_voltage.real,0
ANALOG,l2992656$nominal_voltage.imag,0
BINARY,n1136361$phases,0
ANALOG,n1136361$nominal_voltage.real,0
ANALOG,n1136361$nominal_voltage.imag,0
BINARY,n1136363$phases,0
ANALOG,n1136363$nominal_voltage.real,0
ANALOG,n1136363$nominal_voltage.imag,0
BINARY,x3010563a$phases,0
ANALOG,x3010563a$nominal_voltage.real,0
ANALOG,x3010563a$nominal_voltage.imag,0
BINARY,193-48013$phases,0
ANALOG,193-48013$nominal_voltage.real,0
ANALOG,193-48013$nominal_voltage.imag,0
BINARY,l3122812$phases,0
ANALOG,l3122812$nominal_voltage.real,0
ANALOG,l3122812$nominal_voltage.imag,0
BINARY,n1136359$phases,0
ANALOG,n1136359$nominal_voltage.real,0
ANALOG,n1136359$nominal_voltage.imag,0
BINARY,l3122810$phases,0
ANALOG,l3122810$nominal_voltage.real,0
ANALOG,l3122810$nominal_voltage.imag,0
BINARY,l3122826$phases,0
ANALOG,l3122826$nominal_voltage.real,0
ANALOG,l3122826$nominal_voltage.imag,0
BINARY,x2879081a$phases,0
ANALOG,x2879081a$nominal_voltage.real,0
ANALOG,x2879081a$nominal_voltage.imag,0
BINARY,m1047419$phases,0
ANALOG,m1047419$nominal_voltage.real,0
ANALOG,m1047419$nominal_voltage.imag,0
BINARY,l3254873$phases,0
ANALOG,l3254873$nominal_voltage.real,0
ANALOG,l3254873$nominal_voltage.imag,0
BINARY,x3047073c$phases,0
ANALOG,x3047073c$nominal_voltage.real,0
ANALOG,x3047073c$nominal_voltage.imag,0
BINARY,x3048937c$phases,0
ANALOG,x3048937c$nominal_voltage.real,0
ANALOG,x3048937c$nominal_voltage.imag,0
BINARY,x3066809c$phases,0
ANALOG,x3066809c$nominal_voltage.real,0
ANALOG,x3066809c$nominal_voltage.imag,0
BINARY,sx3086098a$phases,0
ANALOG,sx3086098a$nominal_voltage.real,0
ANALOG,sx3086098a$nominal_voltage.imag,0
BINARY,m1142801$phases,0
ANALOG,m1142801$nominal_voltage.real,0
ANALOG,m1142801$nominal_voltage.imag,0
BINARY,m1142808$phases,0
ANALOG,m1142808$nominal_voltage.real,0
ANALOG,m1142808$nominal_voltage.imag,0
BINARY,m1142810$phases,0
ANALOG,m1142810$nominal_voltage.real,0
ANALOG,m1142810$nominal_voltage.imag,0
BINARY,m1142815$phases,0
ANALOG,m1142815$nominal_voltage.real,0
ANALOG,m1142815$nominal_voltage.imag,0
BINARY,m1142814$phases,0
ANALOG,m1142814$nominal_voltage.real,0
ANALOG,m1142814$nominal_voltage.imag,0
BINARY,x2729408b$phases,0
ANALOG,x2729408b$nominal_voltage.real,0
ANALOG,x2729408b$nominal_voltage.imag,0
BINARY,m1069613$phases,0
ANALOG,m1069613$nominal_voltage.real,0
ANALOG,m1069613$nominal_voltage.imag,0
BINARY,x3645809c$phases,0
ANALOG,x3645809c$nominal_voltage.real,0
ANALOG,x3645809c$nominal_voltage.imag,0
BINARY,x3010580b$phases,0
ANALOG,x3010580b$nominal_voltage.real,0
ANALOG,x3010580b$nominal_voltage.imag,0
BINARY,x3254873c$phases,0
ANALOG,x3254873c$nominal_voltage.real,0
ANALOG,x3254873c$nominal_voltage.imag,0
BINARY,sx3254209c$phases,0
ANALOG,sx3254209c$nominal_voltage.real,0
ANALOG,sx3254209c$nominal_voltage.imag,0
BINARY,r20703$phases,0
ANALOG,r20703$nominal_voltage.real,0
ANALOG,r20703$nominal_voltage.imag,0
BINARY,l2951995$phases,0
ANALOG,l2951995$nominal_voltage.real,0
ANALOG,l2951995$nominal_voltage.imag,0
BINARY,x3197629b$phases,0
ANALOG,x3197629b$nominal_voltage.real,0
ANALOG,x3197629b$nominal_voltage.imag,0
BINARY,x3216337a$phases,0
ANALOG,x3216337a$nominal_voltage.real,0
ANALOG,x3216337a$nominal_voltage.imag,0
BINARY,sx2804251a$phases,0
ANALOG,sx2804251a$nominal_voltage.real,0
ANALOG,sx2804251a$nominal_voltage.imag,0
BINARY,sx2860484b$phases,0
ANALOG,sx2860484b$nominal_voltage.real,0
ANALOG,sx2860484b$nominal_voltage.imag,0
BINARY,x3141396c$phases,0
ANALOG,x3141396c$nominal_voltage.real,0
ANALOG,x3141396c$nominal_voltage.imag,0
BINARY,221-311609$phases,0
ANALOG,221-311609$nominal_voltage.real,0
ANALOG,221-311609$nominal_voltage.imag,0
BINARY,sx2879767b$phases,0
ANALOG,sx2879767b$nominal_voltage.real,0
ANALOG,sx2879767b$nominal_voltage.imag,0
BINARY,x3104856a$phases,0
ANALOG,x3104856a$nominal_voltage.real,0
ANALOG,x3104856a$nominal_voltage.imag,0
BINARY,sx2973165a$phases,0
ANALOG,sx2973165a$nominal_voltage.real,0
ANALOG,sx2973165a$nominal_voltage.imag,0
BINARY,sx2711225c$phases,0
ANALOG,sx2711225c$nominal_voltage.real,0
ANALOG,sx2711225c$nominal_voltage.imag,0
BINARY,d5653457-1_int$phases,0
ANALOG,d5653457-1_int$nominal_voltage.real,0
ANALOG,d5653457-1_int$nominal_voltage.imag,0
BINARY,x2001208c$phases,0
ANALOG,x2001208c$nominal_voltage.real,0
ANALOG,x2001208c$nominal_voltage.imag,0
BINARY,m2000600$phases,0
ANALOG,m2000600$nominal_voltage.real,0
ANALOG,m2000600$nominal_voltage.imag,0
BINARY,x2001207c$phases,0
ANALOG,x2001207c$nominal_voltage.real,0
ANALOG,x2001207c$nominal_voltage.imag,0
BINARY,sx3233353a$phases,0
ANALOG,sx3233353a$nominal_voltage.real,0
ANALOG,sx3233353a$nominal_voltage.imag,0
BINARY,x2001206c$phases,0
ANALOG,x2001206c$nominal_voltage.real,0
ANALOG,x2001206c$nominal_voltage.imag,0
BINARY,x2951995c$phases,0
ANALOG,x2951995c$nominal_voltage.real,0
ANALOG,x2951995c$nominal_voltage.imag,0
BINARY,l3120376$phases,0
ANALOG,l3120376$nominal_voltage.real,0
ANALOG,l3120376$nominal_voltage.imag,0
BINARY,l3027671$phases,0
ANALOG,l3027671$nominal_voltage.real,0
ANALOG,l3027671$nominal_voltage.imag,0
BINARY,sx2673313b$phases,0
ANALOG,sx2673313b$nominal_voltage.real,0
ANALOG,sx2673313b$nominal_voltage.imag,0
BINARY,x3066812a$phases,0
ANALOG,x3066812a$nominal_voltage.real,0
ANALOG,x3066812a$nominal_voltage.imag,0
BINARY,x2001205c$phases,0
ANALOG,x2001205c$nominal_voltage.real,0
ANALOG,x2001205c$nominal_voltage.imag,0
BINARY,x2879075a$phases,0
ANALOG,x2879075a$nominal_voltage.real,0
ANALOG,x2879075a$nominal_voltage.imag,0
BINARY,l3251830$phases,0
ANALOG,l3251830$nominal_voltage.real,0
ANALOG,l3251830$nominal_voltage.imag,0
BINARY,sx2936271a$phases,0
ANALOG,sx2936271a$nominal_voltage.real,0
ANALOG,sx2936271a$nominal_voltage.imag,0
BINARY,x2001204c$phases,0
ANALOG,x2001204c$nominal_voltage.real,0
ANALOG,x2001204c$nominal_voltage.imag,0
BINARY,sx3048962a$phases,0
ANALOG,sx3048962a$nominal_voltage.real,0
ANALOG,sx3048962a$nominal_voltage.imag,0
BINARY,l2929261$phases,0
ANALOG,l2929261$nominal_voltage.real,0
ANALOG,l2929261$nominal_voltage.imag,0
BINARY,l3217064$phases,0
ANALOG,l3217064$nominal_voltage.real,0
ANALOG,l3217064$nominal_voltage.imag,0
BINARY,d6108141-1_int$phases,0
ANALOG,d6108141-1_int$nominal_voltage.real,0
ANALOG,d6108141-1_int$nominal_voltage.imag,0
BINARY,sx2692633c$phases,0
ANALOG,sx2692633c$nominal_voltage.real,0
ANALOG,sx2692633c$nominal_voltage.imag,0
BINARY,sx3048963b$phases,0
ANALOG,sx3048963b$nominal_voltage.real,0
ANALOG,sx3048963b$nominal_voltage.imag,0
BINARY,l3217057$phases,0
ANALOG,l3217057$nominal_voltage.real,0
ANALOG,l3217057$nominal_voltage.imag,0
BINARY,sx2728247c$phases,0
ANALOG,sx2728247c$nominal_voltage.real,0
ANALOG,sx2728247c$nominal_voltage.imag,0
BINARY,p827531$phases,0
ANALOG,p827531$nominal_voltage.real,0
ANALOG,p827531$nominal_voltage.imag,0
BINARY,p827530$phases,0
ANALOG,p827530$nominal_voltage.real,0
ANALOG,p827530$nominal_voltage.imag,0
BINARY,p827525$phases,0
ANALOG,p827525$nominal_voltage.real,0
ANALOG,p827525$nominal_voltage.imag,0
BINARY,p859135$phases,0
ANALOG,p859135$nominal_voltage.real,0
ANALOG,p859135$nominal_voltage.imag,0
BINARY,x3066816a$phases,0
ANALOG,x3066816a$nominal_voltage.real,0
ANALOG,x3066816a$nominal_voltage.imag,0
BINARY,x3217057a$phases,0
ANALOG,x3217057a$nominal_voltage.real,0
ANALOG,x3217057a$nominal_voltage.imag,0
BINARY,m1047358$phases,0
ANALOG,m1047358$nominal_voltage.real,0
ANALOG,m1047358$nominal_voltage.imag,0
BINARY,m1069597$phases,0
ANALOG,m1069597$nominal_voltage.real,0
ANALOG,m1069597$nominal_voltage.imag,0
BINARY,e206209$phases,0
ANALOG,e206209$nominal_voltage.real,0
ANALOG,e206209$nominal_voltage.imag,0
BINARY,x2729412a$phases,0
ANALOG,x2729412a$nominal_voltage.real,0
ANALOG,x2729412a$nominal_voltage.imag,0
BINARY,p827549$phases,0
ANALOG,p827549$nominal_voltage.real,0
ANALOG,p827549$nominal_voltage.imag,0
BINARY,sx1108405c$phases,0
ANALOG,sx1108405c$nominal_voltage.real,0
ANALOG,sx1108405c$nominal_voltage.imag,0
BINARY,x3048890c$phases,0
ANALOG,x3048890c$nominal_voltage.real,0
ANALOG,x3048890c$nominal_voltage.imag,0
BINARY,l2748781$phases,0
ANALOG,l2748781$nominal_voltage.real,0
ANALOG,l2748781$nominal_voltage.imag,0
BINARY,l2820528$phases,0
ANALOG,l2820528$nominal_voltage.real,0
ANALOG,l2820528$nominal_voltage.imag,0
BINARY,n1136030$phases,0
ANALOG,n1136030$nominal_voltage.real,0
ANALOG,n1136030$nominal_voltage.imag,0
BINARY,m1069564$phases,0
ANALOG,m1069564$nominal_voltage.real,0
ANALOG,m1069564$nominal_voltage.imag,0
BINARY,m1069563$phases,0
ANALOG,m1069563$nominal_voltage.real,0
ANALOG,m1069563$nominal_voltage.imag,0
BINARY,l2820533$phases,0
ANALOG,l2820533$nominal_voltage.real,0
ANALOG,l2820533$nominal_voltage.imag,0
BINARY,m1047316$phases,0
ANALOG,m1047316$nominal_voltage.real,0
ANALOG,m1047316$nominal_voltage.imag,0
BINARY,l2820535$phases,0
ANALOG,l2820535$nominal_voltage.real,0
ANALOG,l2820535$nominal_voltage.imag,0
BINARY,n1136027$phases,0
ANALOG,n1136027$nominal_voltage.real,0
ANALOG,n1136027$nominal_voltage.imag,0
BINARY,l2820531$phases,0
ANALOG,l2820531$nominal_voltage.real,0
ANALOG,l2820531$nominal_voltage.imag,0
BINARY,l3197660$phases,0
ANALOG,l3197660$nominal_voltage.real,0
ANALOG,l3197660$nominal_voltage.imag,0
BINARY,m1069556$phases,0
ANALOG,m1069556$nominal_voltage.real,0
ANALOG,m1069556$nominal_voltage.imag,0
BINARY,sx1108403c$phases,0
ANALOG,sx1108403c$nominal_voltage.real,0
ANALOG,sx1108403c$nominal_voltage.imag,0
BINARY,e192860$phases,0
ANALOG,e192860$nominal_voltage.real,0
ANALOG,e192860$nominal_voltage.imag,0
BINARY,190-7361$phases,0
ANALOG,190-7361$nominal_voltage.real,0
ANALOG,190-7361$nominal_voltage.imag,0
BINARY,x3066818b$phases,0
ANALOG,x3066818b$nominal_voltage.real,0
ANALOG,x3066818b$nominal_voltage.imag,0
BINARY,l3200222$phases,0
ANALOG,l3200222$nominal_voltage.real,0
ANALOG,l3200222$nominal_voltage.imag,0
BINARY,x3120503a$phases,0
ANALOG,x3120503a$nominal_voltage.real,0
ANALOG,x3120503a$nominal_voltage.imag,0
BINARY,d6019477-1_int$phases,0
ANALOG,d6019477-1_int$nominal_voltage.real,0
ANALOG,d6019477-1_int$nominal_voltage.imag,0
BINARY,l2803199$phases,0
ANALOG,l2803199$nominal_voltage.real,0
ANALOG,l2803199$nominal_voltage.imag,0
BINARY,l2933135$phases,0
ANALOG,l2933135$nominal_voltage.real,0
ANALOG,l2933135$nominal_voltage.imag,0
BINARY,m1069532$phases,0
ANALOG,m1069532$nominal_voltage.real,0
ANALOG,m1069532$nominal_voltage.imag,0
BINARY,hvmv115_hsb2$phases,0
ANALOG,hvmv115_hsb2$nominal_voltage.real,0
ANALOG,hvmv115_hsb2$nominal_voltage.imag,0
BINARY,hvmv115_hsb1$phases,0
ANALOG,hvmv115_hsb1$nominal_voltage.real,0
ANALOG,hvmv115_hsb1$nominal_voltage.imag,0
BINARY,sx2860490a$phases,0
ANALOG,sx2860490a$nominal_voltage.real,0
ANALOG,sx2860490a$nominal_voltage.imag,0
BINARY,x2785516b$phases,0
ANALOG,x2785516b$nominal_voltage.real,0
ANALOG,x2785516b$nominal_voltage.imag,0
BINARY,m1069524$phases,0
ANALOG,m1069524$nominal_voltage.real,0
ANALOG,m1069524$nominal_voltage.imag,0
BINARY,m1069521$phases,0
ANALOG,m1069521$nominal_voltage.real,0
ANALOG,m1069521$nominal_voltage.imag,0
BINARY,x2952007c$phases,0
ANALOG,x2952007c$nominal_voltage.real,0
ANALOG,x2952007c$nominal_voltage.imag,0
BINARY,x2785517c$phases,0
ANALOG,x2785517c$nominal_voltage.real,0
ANALOG,x2785517c$nominal_voltage.imag,0
BINARY,l2727019$phases,0
ANALOG,l2727019$nominal_voltage.real,0
ANALOG,l2727019$nominal_voltage.imag,0
BINARY,sx3235251c$phases,0
ANALOG,sx3235251c$nominal_voltage.real,0
ANALOG,sx3235251c$nominal_voltage.imag,0
BINARY,l2673305$phases,0
ANALOG,l2673305$nominal_voltage.real,0
ANALOG,l2673305$nominal_voltage.imag,0
BINARY,m1069504$phases,0
ANALOG,m1069504$nominal_voltage.real,0
ANALOG,m1069504$nominal_voltage.imag,0
BINARY,m1069500$phases,0
ANALOG,m1069500$nominal_voltage.real,0
ANALOG,m1069500$nominal_voltage.imag,0
BINARY,sx3234185b$phases,0
ANALOG,sx3234185b$nominal_voltage.real,0
ANALOG,sx3234185b$nominal_voltage.imag,0
BINARY,x2973144c$phases,0
ANALOG,x2973144c$nominal_voltage.real,0
ANALOG,x2973144c$nominal_voltage.imag,0
BINARY,x2748135a$phases,0
ANALOG,x2748135a$nominal_voltage.real,0
ANALOG,x2748135a$nominal_voltage.imag,0
BINARY,l3086098$phases,0
ANALOG,l3086098$nominal_voltage.real,0
ANALOG,l3086098$nominal_voltage.imag,0
BINARY,l2673322$phases,0
ANALOG,l2673322$nominal_voltage.real,0
ANALOG,l2673322$nominal_voltage.imag,0
BINARY,l2898495$phases,0
ANALOG,l2898495$nominal_voltage.real,0
ANALOG,l2898495$nominal_voltage.imag,0
BINARY,l2673320$phases,0
ANALOG,l2673320$nominal_voltage.real,0
ANALOG,l2673320$nominal_voltage.imag,0
BINARY,l2916606$phases,0
ANALOG,l2916606$nominal_voltage.real,0
ANALOG,l2916606$nominal_voltage.imag,0
BINARY,l2916607$phases,0
ANALOG,l2916607$nominal_voltage.real,0
ANALOG,l2916607$nominal_voltage.imag,0
BINARY,x2952003b$phases,0
ANALOG,x2952003b$nominal_voltage.real,0
ANALOG,x2952003b$nominal_voltage.imag,0
BINARY,p827515$phases,0
ANALOG,p827515$nominal_voltage.real,0
ANALOG,p827515$nominal_voltage.imag,0
BINARY,l2673343$phases,0
ANALOG,l2673343$nominal_voltage.real,0
ANALOG,l2673343$nominal_voltage.imag,0
BINARY,p827507$phases,0
ANALOG,p827507$nominal_voltage.real,0
ANALOG,p827507$nominal_voltage.imag,0
BINARY,p827509$phases,0
ANALOG,p827509$nominal_voltage.real,0
ANALOG,p827509$nominal_voltage.imag,0
BINARY,sx2860493a$phases,0
ANALOG,sx2860493a$nominal_voltage.real,0
ANALOG,sx2860493a$nominal_voltage.imag,0
BINARY,x2973148a$phases,0
ANALOG,x2973148a$nominal_voltage.real,0
ANALOG,x2973148a$nominal_voltage.imag,0
BINARY,x3235248c$phases,0
ANALOG,x3235248c$nominal_voltage.real,0
ANALOG,x3235248c$nominal_voltage.imag,0
BINARY,x2991915b$phases,0
ANALOG,x2991915b$nominal_voltage.real,0
ANALOG,x2991915b$nominal_voltage.imag,0
BINARY,sx2748780a$phases,0
ANALOG,sx2748780a$nominal_voltage.real,0
ANALOG,sx2748780a$nominal_voltage.imag,0
BINARY,sx2748781a$phases,0
ANALOG,sx2748781a$nominal_voltage.real,0
ANALOG,sx2748781a$nominal_voltage.imag,0
BINARY,sx3048210a$phases,0
ANALOG,sx3048210a$nominal_voltage.real,0
ANALOG,sx3048210a$nominal_voltage.imag,0
BINARY,sx2860499b$phases,0
ANALOG,sx2860499b$nominal_voltage.real,0
ANALOG,sx2860499b$nominal_voltage.imag,0
BINARY,n1141479$phases,0
ANALOG,n1141479$nominal_voltage.real,0
ANALOG,n1141479$nominal_voltage.imag,0
BINARY,l2936271$phases,0
ANALOG,l2936271$nominal_voltage.real,0
ANALOG,l2936271$nominal_voltage.imag,0
BINARY,sx2823592a$phases,0
ANALOG,sx2823592a$nominal_voltage.real,0
ANALOG,sx2823592a$nominal_voltage.imag,0
BINARY,x2991913a$phases,0
ANALOG,x2991913a$nominal_voltage.real,0
ANALOG,x2991913a$nominal_voltage.imag,0
BINARY,sx2935567b$phases,0
ANALOG,sx2935567b$nominal_voltage.real,0
ANALOG,sx2935567b$nominal_voltage.imag,0
BINARY,x2991911c$phases,0
ANALOG,x2991911c$nominal_voltage.real,0
ANALOG,x2991911c$nominal_voltage.imag,0
BINARY,sx2785524c$phases,0
ANALOG,sx2785524c$nominal_voltage.real,0
ANALOG,sx2785524c$nominal_voltage.imag,0
BINARY,d5472350-1_int$phases,0
ANALOG,d5472350-1_int$nominal_voltage.real,0
ANALOG,d5472350-1_int$nominal_voltage.imag,0
BINARY,sx3048212a$phases,0
ANALOG,sx3048212a$nominal_voltage.real,0
ANALOG,sx3048212a$nominal_voltage.imag,0
BINARY,x3235245c$phases,0
ANALOG,x3235245c$nominal_voltage.real,0
ANALOG,x3235245c$nominal_voltage.imag,0
BINARY,sx2841623a$phases,0
ANALOG,sx2841623a$nominal_voltage.real,0
ANALOG,sx2841623a$nominal_voltage.imag,0
BINARY,sx2820528c$phases,0
ANALOG,sx2820528c$nominal_voltage.real,0
ANALOG,sx2820528c$nominal_voltage.imag,0
BINARY,sx3141401a$phases,0
ANALOG,sx3141401a$nominal_voltage.real,0
ANALOG,sx3141401a$nominal_voltage.imag,0
BINARY,regxfmr_190-7361$phases,0
ANALOG,regxfmr_190-7361$nominal_voltage.real,0
ANALOG,regxfmr_190-7361$nominal_voltage.imag,0
BINARY,m1009838$phases,0
ANALOG,m1009838$nominal_voltage.real,0
ANALOG,m1009838$nominal_voltage.imag,0
BINARY,x2917359a$phases,0
ANALOG,x2917359a$nominal_voltage.real,0
ANALOG,x2917359a$nominal_voltage.imag,0
BINARY,d5563942-4_int$phases,0
ANALOG,d5563942-4_int$nominal_voltage.real,0
ANALOG,d5563942-4_int$nominal_voltage.imag,0
BINARY,sx2729428a$phases,0
ANALOG,sx2729428a$nominal_voltage.real,0
ANALOG,sx2729428a$nominal_voltage.imag,0
BINARY,sx3254212b$phases,0
ANALOG,sx3254212b$nominal_voltage.real,0
ANALOG,sx3254212b$nominal_voltage.imag,0
BINARY,m1009843$phases,0
ANALOG,m1009843$nominal_voltage.real,0
ANALOG,m1009843$nominal_voltage.imag,0
BINARY,x3235242c$phases,0
ANALOG,x3235242c$nominal_voltage.real,0
ANALOG,x3235242c$nominal_voltage.imag,0
BINARY,m1009855$phases,0
ANALOG,m1009855$nominal_voltage.real,0
ANALOG,m1009855$nominal_voltage.imag,0
BINARY,x3197618a$phases,0
ANALOG,x3197618a$nominal_voltage.real,0
ANALOG,x3197618a$nominal_voltage.imag,0
BINARY,x2954350c$phases,0
ANALOG,x2954350c$nominal_voltage.real,0
ANALOG,x2954350c$nominal_voltage.imag,0
BINARY,l3141396$phases,0
ANALOG,l3141396$nominal_voltage.real,0
ANALOG,l3141396$nominal_voltage.imag,0
BINARY,sx2673320b$phases,0
ANALOG,sx2673320b$nominal_voltage.real,0
ANALOG,sx2673320b$nominal_voltage.imag,0
BINARY,sx2710514b$phases,0
ANALOG,sx2710514b$nominal_voltage.real,0
ANALOG,sx2710514b$nominal_voltage.imag,0
BINARY,x3101194c$phases,0
ANALOG,x3101194c$nominal_voltage.real,0
ANALOG,x3101194c$nominal_voltage.imag,0
BINARY,x2879067a$phases,0
ANALOG,x2879067a$nominal_voltage.real,0
ANALOG,x2879067a$nominal_voltage.imag,0
BINARY,x2766724c$phases,0
ANALOG,x2766724c$nominal_voltage.real,0
ANALOG,x2766724c$nominal_voltage.imag,0
BINARY,l2821087$phases,0
ANALOG,l2821087$nominal_voltage.real,0
ANALOG,l2821087$nominal_voltage.imag,0
BINARY,l2991913$phases,0
ANALOG,l2991913$nominal_voltage.real,0
ANALOG,l2991913$nominal_voltage.imag,0
BINARY,l2991915$phases,0
ANALOG,l2991915$nominal_voltage.real,0
ANALOG,l2991915$nominal_voltage.imag,0
BINARY,l2991911$phases,0
ANALOG,l2991911$nominal_voltage.real,0
ANALOG,l2991911$nominal_voltage.imag,0
BINARY,x2766727b$phases,0
ANALOG,x2766727b$nominal_voltage.real,0
ANALOG,x2766727b$nominal_voltage.imag,0
BINARY,l2991908$phases,0
ANALOG,l2991908$nominal_voltage.real,0
ANALOG,l2991908$nominal_voltage.imag,0
BINARY,x2954351c$phases,0
ANALOG,x2954351c$nominal_voltage.real,0
ANALOG,x2954351c$nominal_voltage.imag,0
BINARY,sx3160100b$phases,0
ANALOG,sx3160100b$nominal_voltage.real,0
ANALOG,sx3160100b$nominal_voltage.imag,0
BINARY,l2991901$phases,0
ANALOG,l2991901$nominal_voltage.real,0
ANALOG,l2991901$nominal_voltage.imag,0
BINARY,x2726973a$phases,0
ANALOG,x2726973a$nominal_voltage.real,0
ANALOG,x2726973a$nominal_voltage.imag,0
BINARY,d6409775-4_int$phases,0
ANALOG,d6409775-4_int$nominal_voltage.real,0
ANALOG,d6409775-4_int$nominal_voltage.imag,0
BINARY,l3029507$phases,0
ANALOG,l3029507$nominal_voltage.real,0
ANALOG,l3029507$nominal_voltage.imag,0
BINARY,sx2820531b$phases,0
ANALOG,sx2820531b$nominal_voltage.real,0
ANALOG,sx2820531b$nominal_voltage.imag,0
BINARY,x3048209b$phases,0
ANALOG,x3048209b$nominal_voltage.real,0
ANALOG,x3048209b$nominal_voltage.imag,0
BINARY,sx2729430b$phases,0
ANALOG,sx2729430b$nominal_voltage.real,0
ANALOG,sx2729430b$nominal_voltage.imag,0
BINARY,x2766720a$phases,0
ANALOG,x2766720a$nominal_voltage.real,0
ANALOG,x2766720a$nominal_voltage.imag,0
BINARY,sx2673322b$phases,0
ANALOG,sx2673322b$nominal_voltage.real,0
ANALOG,sx2673322b$nominal_voltage.imag,0
BINARY,m1026343$phases,0
ANALOG,m1026343$nominal_voltage.real,0
ANALOG,m1026343$nominal_voltage.imag,0
BINARY,m1026341$phases,0
ANALOG,m1026341$nominal_voltage.real,0
ANALOG,m1026341$nominal_voltage.imag,0
BINARY,m1026347$phases,0
ANALOG,m1026347$nominal_voltage.real,0
ANALOG,m1026347$nominal_voltage.imag,0
BINARY,sx2841629c$phases,0
ANALOG,sx2841629c$nominal_voltage.real,0
ANALOG,sx2841629c$nominal_voltage.imag,0
BINARY,m1026333$phases,0
ANALOG,m1026333$nominal_voltage.real,0
ANALOG,m1026333$nominal_voltage.imag,0
BINARY,m1026339$phases,0
ANALOG,m1026339$nominal_voltage.real,0
ANALOG,m1026339$nominal_voltage.imag,0
BINARY,x2748127a$phases,0
ANALOG,x2748127a$nominal_voltage.real,0
ANALOG,x2748127a$nominal_voltage.imag,0
BINARY,x2730187a$phases,0
ANALOG,x2730187a$nominal_voltage.real,0
ANALOG,x2730187a$nominal_voltage.imag,0
BINARY,x2001214c$phases,0
ANALOG,x2001214c$nominal_voltage.real,0
ANALOG,x2001214c$nominal_voltage.imag,0
BINARY,x2691967b$phases,0
ANALOG,x2691967b$nominal_voltage.real,0
ANALOG,x2691967b$nominal_voltage.imag,0
BINARY,sx2730108c$phases,0
ANALOG,sx2730108c$nominal_voltage.real,0
ANALOG,sx2730108c$nominal_voltage.imag,0
BINARY,x3214549a$phases,0
ANALOG,x3214549a$nominal_voltage.real,0
ANALOG,x3214549a$nominal_voltage.imag,0
BINARY,m1069487$phases,0
ANALOG,m1069487$nominal_voltage.real,0
ANALOG,m1069487$nominal_voltage.imag,0
BINARY,x3066804a$phases,0
ANALOG,x3066804a$nominal_voltage.real,0
ANALOG,x3066804a$nominal_voltage.imag,0
BINARY,x2001213c$phases,0
ANALOG,x2001213c$nominal_voltage.real,0
ANALOG,x2001213c$nominal_voltage.imag,0
BINARY,m1069484$phases,0
ANALOG,m1069484$nominal_voltage.real,0
ANALOG,m1069484$nominal_voltage.imag,0
BINARY,m1069483$phases,0
ANALOG,m1069483$nominal_voltage.real,0
ANALOG,m1069483$nominal_voltage.imag,0
BINARY,l3270853$phases,0
ANALOG,l3270853$nominal_voltage.real,0
ANALOG,l3270853$nominal_voltage.imag,0
BINARY,x2001212c$phases,0
ANALOG,x2001212c$nominal_voltage.real,0
ANALOG,x2001212c$nominal_voltage.imag,0
BINARY,m1026307$phases,0
ANALOG,m1026307$nominal_voltage.real,0
ANALOG,m1026307$nominal_voltage.imag,0
BINARY,x2748125c$phases,0
ANALOG,x2748125c$nominal_voltage.real,0
ANALOG,x2748125c$nominal_voltage.imag,0
BINARY,sx2897801a$phases,0
ANALOG,sx2897801a$nominal_voltage.real,0
ANALOG,sx2897801a$nominal_voltage.imag,0
BINARY,sx2730107c$phases,0
ANALOG,sx2730107c$nominal_voltage.real,0
ANALOG,sx2730107c$nominal_voltage.imag,0
BINARY,x2879061b$phases,0
ANALOG,x2879061b$nominal_voltage.real,0
ANALOG,x2879061b$nominal_voltage.imag,0
BINARY,x2001210c$phases,0
ANALOG,x2001210c$nominal_voltage.real,0
ANALOG,x2001210c$nominal_voltage.imag,0
BINARY,q16483$phases,0
ANALOG,q16483$nominal_voltage.real,0
ANALOG,q16483$nominal_voltage.imag,0
BINARY,l2691967$phases,0
ANALOG,l2691967$nominal_voltage.real,0
ANALOG,l2691967$nominal_voltage.imag,0
BINARY,l2691965$phases,0
ANALOG,l2691965$nominal_voltage.real,0
ANALOG,l2691965$nominal_voltage.imag,0
BINARY,x3066808c$phases,0
ANALOG,x3066808c$nominal_voltage.real,0
ANALOG,x3066808c$nominal_voltage.imag,0
BINARY,x2954353a$phases,0
ANALOG,x2954353a$nominal_voltage.real,0
ANALOG,x2954353a$nominal_voltage.imag,0
BINARY,l2691936$phases,0
ANALOG,l2691936$nominal_voltage.real,0
ANALOG,l2691936$nominal_voltage.imag,0
BINARY,x2691965b$phases,0
ANALOG,x2691965b$nominal_voltage.real,0
ANALOG,x2691965b$nominal_voltage.imag,0
BINARY,l2691946$phases,0
ANALOG,l2691946$nominal_voltage.real,0
ANALOG,l2691946$nominal_voltage.imag,0
BINARY,sx3235254c$phases,0
ANALOG,sx3235254c$nominal_voltage.real,0
ANALOG,sx3235254c$nominal_voltage.imag,0
BINARY,l2691941$phases,0
ANALOG,l2691941$nominal_voltage.real,0
ANALOG,l2691941$nominal_voltage.imag,0
BINARY,x3197643b$phases,0
ANALOG,x3197643b$nominal_voltage.real,0
ANALOG,x3197643b$nominal_voltage.imag,0
BINARY,n1137956$phases,0
ANALOG,n1137956$nominal_voltage.real,0
ANALOG,n1137956$nominal_voltage.imag,0
BINARY,x3197644a$phases,0
ANALOG,x3197644a$nominal_voltage.real,0
ANALOG,x3197644a$nominal_voltage.imag,0
BINARY,l3645809$phases,0
ANALOG,l3645809$nominal_voltage.real,0
ANALOG,l3645809$nominal_voltage.imag,0
BINARY,x2916606c$phases,0
ANALOG,x2916606c$nominal_voltage.real,0
ANALOG,x2916606c$nominal_voltage.imag,0
BINARY,x3234185b$phases,0
ANALOG,x3234185b$nominal_voltage.real,0
ANALOG,x3234185b$nominal_voltage.imag,0
BINARY,x2916607c$phases,0
ANALOG,x2916607c$nominal_voltage.real,0
ANALOG,x2916607c$nominal_voltage.imag,0
BINARY,x2748140a$phases,0
ANALOG,x2748140a$nominal_voltage.real,0
ANALOG,x2748140a$nominal_voltage.imag,0
BINARY,sx3085400c$phases,0
ANALOG,sx3085400c$nominal_voltage.real,0
ANALOG,sx3085400c$nominal_voltage.imag,0
BINARY,x2973157a$phases,0
ANALOG,x2973157a$nominal_voltage.real,0
ANALOG,x2973157a$nominal_voltage.imag,0
BINARY,sx3030205c$phases,0
ANALOG,sx3030205c$nominal_voltage.real,0
ANALOG,sx3030205c$nominal_voltage.imag,0
BINARY,n1136665$phases,0
ANALOG,n1136665$nominal_voltage.real,0
ANALOG,n1136665$nominal_voltage.imag,0
BINARY,n1136666$phases,0
ANALOG,n1136666$nominal_voltage.real,0
ANALOG,n1136666$nominal_voltage.imag,0
BINARY,l3195318$phases,0
ANALOG,l3195318$nominal_voltage.real,0
ANALOG,l3195318$nominal_voltage.imag,0
BINARY,sx2973148a$phases,0
ANALOG,sx2973148a$nominal_voltage.real,0
ANALOG,sx2973148a$nominal_voltage.imag,0
BINARY,l3195315$phases,0
ANALOG,l3195315$nominal_voltage.real,0
ANALOG,l3195315$nominal_voltage.imag,0
BINARY,l3254212$phases,0
ANALOG,l3254212$nominal_voltage.real,0
ANALOG,l3254212$nominal_voltage.imag,0
BINARY,sx3027124c$phases,0
ANALOG,sx3027124c$nominal_voltage.real,0
ANALOG,sx3027124c$nominal_voltage.imag,0
BINARY,l3254209$phases,0
ANALOG,l3254209$nominal_voltage.real,0
ANALOG,l3254209$nominal_voltage.imag,0
BINARY,sx2684420b$phases,0
ANALOG,sx2684420b$nominal_voltage.real,0
ANALOG,sx2684420b$nominal_voltage.imag,0
BINARY,sx3030203c$phases,0
ANALOG,sx3030203c$nominal_voltage.real,0
ANALOG,sx3030203c$nominal_voltage.imag,0
BINARY,sx3082992a$phases,0
ANALOG,sx3082992a$nominal_voltage.real,0
ANALOG,sx3082992a$nominal_voltage.imag,0
BINARY,m1108269$phases,0
ANALOG,m1108269$nominal_voltage.real,0
ANALOG,m1108269$nominal_voltage.imag,0
BINARY,x2730107c$phases,0
ANALOG,x2730107c$nominal_voltage.real,0
ANALOG,x2730107c$nominal_voltage.imag,0
BINARY,m1108274$phases,0
ANALOG,m1108274$nominal_voltage.real,0
ANALOG,m1108274$nominal_voltage.imag,0
BINARY,m1108270$phases,0
ANALOG,m1108270$nominal_voltage.real,0
ANALOG,m1108270$nominal_voltage.imag,0
BINARY,sx3082993a$phases,0
ANALOG,sx3082993a$nominal_voltage.real,0
ANALOG,sx3082993a$nominal_voltage.imag,0
BINARY,l2859403$phases,0
ANALOG,l2859403$nominal_voltage.real,0
ANALOG,l2859403$nominal_voltage.imag,0
BINARY,x2730108c$phases,0
ANALOG,x2730108c$nominal_voltage.real,0
ANALOG,x2730108c$nominal_voltage.imag,0
BINARY,sx2820535b$phases,0
ANALOG,sx2820535b$nominal_voltage.real,0
ANALOG,sx2820535b$nominal_voltage.imag,0
BINARY,x2897801a$phases,0
ANALOG,x2897801a$nominal_voltage.real,0
ANALOG,x2897801a$nominal_voltage.imag,0
BINARY,l2814529$phases,0
ANALOG,l2814529$nominal_voltage.real,0
ANALOG,l2814529$nominal_voltage.imag,0
BINARY,228-979371-2_int$phases,0
ANALOG,228-979371-2_int$nominal_voltage.real,0
ANALOG,228-979371-2_int$nominal_voltage.imag,0
BINARY,m3036164$phases,0
ANALOG,m3036164$nominal_voltage.real,0
ANALOG,m3036164$nominal_voltage.imag,0
BINARY,x3235255b$phases,0
ANALOG,x3235255b$nominal_voltage.real,0
ANALOG,x3235255b$nominal_voltage.imag,0
BINARY,hvmv69s1s2_9$phases,0
ANALOG,hvmv69s1s2_9$nominal_voltage.real,0
ANALOG,hvmv69s1s2_9$nominal_voltage.imag,0
BINARY,hvmv69s1s2_8$phases,0
ANALOG,hvmv69s1s2_8$nominal_voltage.real,0
ANALOG,hvmv69s1s2_8$nominal_voltage.imag,0
BINARY,sx2691941c$phases,0
ANALOG,sx2691941c$nominal_voltage.real,0
ANALOG,sx2691941c$nominal_voltage.imag,0
BINARY,x3235254c$phases,0
ANALOG,x3235254c$nominal_voltage.real,0
ANALOG,x3235254c$nominal_voltage.imag,0
BINARY,x2000413a$phases,0
ANALOG,x2000413a$nominal_voltage.real,0
ANALOG,x2000413a$nominal_voltage.imag,0
BINARY,x2000415a$phases,0
ANALOG,x2000415a$nominal_voltage.real,0
ANALOG,x2000415a$nominal_voltage.imag,0
BINARY,sx3066818b$phases,0
ANALOG,sx3066818b$nominal_voltage.real,0
ANALOG,sx3066818b$nominal_voltage.imag,0
BINARY,l2973150$phases,0
ANALOG,l2973150$nominal_voltage.real,0
ANALOG,l2973150$nominal_voltage.imag,0
BINARY,x2929261a$phases,0
ANALOG,x2929261a$nominal_voltage.real,0
ANALOG,x2929261a$nominal_voltage.imag,0
BINARY,x2804249c$phases,0
ANALOG,x2804249c$nominal_voltage.real,0
ANALOG,x2804249c$nominal_voltage.imag,0
BINARY,hvmv69s1s2_10$phases,0
ANALOG,hvmv69s1s2_10$nominal_voltage.real,0
ANALOG,hvmv69s1s2_10$nominal_voltage.imag,0
BINARY,p901945$phases,0
ANALOG,p901945$nominal_voltage.real,0
ANALOG,p901945$nominal_voltage.imag,0
BINARY,l2973144$phases,0
ANALOG,l2973144$nominal_voltage.real,0
ANALOG,l2973144$nominal_voltage.imag,0
BINARY,sx2955005b$phases,0
ANALOG,sx2955005b$nominal_voltage.real,0
ANALOG,sx2955005b$nominal_voltage.imag,0
BINARY,l2973148$phases,0
ANALOG,l2973148$nominal_voltage.real,0
ANALOG,l2973148$nominal_voltage.imag,0
BINARY,l2973162$phases,0
ANALOG,l2973162$nominal_voltage.real,0
ANALOG,l2973162$nominal_voltage.imag,0
BINARY,x3649298a$phases,0
ANALOG,x3649298a$nominal_voltage.real,0
ANALOG,x3649298a$nominal_voltage.imag,0
BINARY,x2879055c$phases,0
ANALOG,x2879055c$nominal_voltage.real,0
ANALOG,x2879055c$nominal_voltage.imag,0
BINARY,x3104124b$phases,0
ANALOG,x3104124b$nominal_voltage.real,0
ANALOG,x3104124b$nominal_voltage.imag,0
BINARY,p901933$phases,0
ANALOG,p901933$nominal_voltage.real,0
ANALOG,p901933$nominal_voltage.imag,0
BINARY,p901932$phases,0
ANALOG,p901932$nominal_voltage.real,0
ANALOG,p901932$nominal_voltage.imag,0
BINARY,l2802481$phases,0
ANALOG,l2802481$nominal_voltage.real,0
ANALOG,l2802481$nominal_voltage.imag,0
BINARY,l2973157$phases,0
ANALOG,l2973157$nominal_voltage.real,0
ANALOG,l2973157$nominal_voltage.imag,0
BINARY,x3160100b$phases,0
ANALOG,x3160100b$nominal_voltage.real,0
ANALOG,x3160100b$nominal_voltage.imag,0
BINARY,p895089$phases,0
ANALOG,p895089$nominal_voltage.real,0
ANALOG,p895089$nominal_voltage.imag,0
BINARY,l2688692$phases,0
ANALOG,l2688692$nominal_voltage.real,0
ANALOG,l2688692$nominal_voltage.imag,0
BINARY,x2917328b$phases,0
ANALOG,x2917328b$nominal_voltage.real,0
ANALOG,x2917328b$nominal_voltage.imag,0
BINARY,x2764403a$phases,0
ANALOG,x2764403a$nominal_voltage.real,0
ANALOG,x2764403a$nominal_voltage.imag,0
BINARY,l2688693$phases,0
ANALOG,l2688693$nominal_voltage.real,0
ANALOG,l2688693$nominal_voltage.imag,0
BINARY,p901905$phases,0
ANALOG,p901905$nominal_voltage.real,0
ANALOG,p901905$nominal_voltage.imag,0
BINARY,m1108353$phases,0
ANALOG,m1108353$nominal_voltage.real,0
ANALOG,m1108353$nominal_voltage.imag,0
BINARY,sx3254230a$phases,0
ANALOG,sx3254230a$nominal_voltage.real,0
ANALOG,sx3254230a$nominal_voltage.imag,0
BINARY,x2729430b$phases,0
ANALOG,x2729430b$nominal_voltage.real,0
ANALOG,x2729430b$nominal_voltage.imag,0
BINARY,x2841616a$phases,0
ANALOG,x2841616a$nominal_voltage.real,0
ANALOG,x2841616a$nominal_voltage.imag,0
BINARY,l2973165$phases,0
ANALOG,l2973165$nominal_voltage.real,0
ANALOG,l2973165$nominal_voltage.imag,0
BINARY,sx3066821a$phases,0
ANALOG,sx3066821a$nominal_voltage.real,0
ANALOG,sx3066821a$nominal_voltage.imag,0
BINARY,m1108344$phases,0
ANALOG,m1108344$nominal_voltage.real,0
ANALOG,m1108344$nominal_voltage.imag,0
BINARY,sx3010559a$phases,0
ANALOG,sx3010559a$nominal_voltage.real,0
ANALOG,sx3010559a$nominal_voltage.imag,0
BINARY,x2748139b$phases,0
ANALOG,x2748139b$nominal_voltage.real,0
ANALOG,x2748139b$nominal_voltage.imag,0
BINARY,l2804249$phases,0
ANALOG,l2804249$nominal_voltage.real,0
ANALOG,l2804249$nominal_voltage.imag,0
BINARY,l2785517$phases,0
ANALOG,l2785517$nominal_voltage.real,0
ANALOG,l2785517$nominal_voltage.imag,0
BINARY,l2785516$phases,0
ANALOG,l2785516$nominal_voltage.real,0
ANALOG,l2785516$nominal_voltage.imag,0
BINARY,l3254231$phases,0
ANALOG,l3254231$nominal_voltage.real,0
ANALOG,l3254231$nominal_voltage.imag,0
BINARY,l3254230$phases,0
ANALOG,l3254230$nominal_voltage.real,0
ANALOG,l3254230$nominal_voltage.imag,0
BINARY,l2804251$phases,0
ANALOG,l2804251$nominal_voltage.real,0
ANALOG,l2804251$nominal_voltage.imag,0
BINARY,l2804257$phases,0
ANALOG,l2804257$nominal_voltage.real,0
ANALOG,l2804257$nominal_voltage.imag,0
BINARY,x3030126c$phases,0
ANALOG,x3030126c$nominal_voltage.real,0
ANALOG,x3030126c$nominal_voltage.imag,0
BINARY,l3254237$phases,0
ANALOG,l3254237$nominal_voltage.real,0
ANALOG,l3254237$nominal_voltage.imag,0
BINARY,l3120503$phases,0
ANALOG,l3120503$nominal_voltage.real,0
ANALOG,l3120503$nominal_voltage.imag,0
BINARY,sx3195318b$phases,0
ANALOG,sx3195318b$nominal_voltage.real,0
ANALOG,sx3195318b$nominal_voltage.imag,0
BINARY,x2729434b$phases,0
ANALOG,x2729434b$nominal_voltage.real,0
ANALOG,x2729434b$nominal_voltage.imag,0
BINARY,l2804262$phases,0
ANALOG,l2804262$nominal_voltage.real,0
ANALOG,l2804262$nominal_voltage.imag,0
BINARY,l3141412$phases,0
ANALOG,l3141412$nominal_voltage.real,0
ANALOG,l3141412$nominal_voltage.imag,0
BINARY,hvmv69sub2_lnb$phases,0
ANALOG,hvmv69sub2_lnb$nominal_voltage.real,0
ANALOG,hvmv69sub2_lnb$nominal_voltage.imag,0
BINARY,sx3195315a$phases,0
ANALOG,sx3195315a$nominal_voltage.real,0
ANALOG,sx3195315a$nominal_voltage.imag,0
BINARY,x2745811c$phases,0
ANALOG,x2745811c$nominal_voltage.real,0
ANALOG,x2745811c$nominal_voltage.imag,0
BINARY,x2767340c$phases,0
ANALOG,x2767340c$nominal_voltage.real,0
ANALOG,x2767340c$nominal_voltage.imag,0
BINARY,x2767340a$phases,0
ANALOG,x2767340a$nominal_voltage.real,0
ANALOG,x2767340a$nominal_voltage.imag,0
BINARY,x2767340b$phases,0
ANALOG,x2767340b$nominal_voltage.real,0
ANALOG,x2767340b$nominal_voltage.imag,0
BINARY,p1164481$phases,0
ANALOG,p1164481$nominal_voltage.real,0
ANALOG,p1164481$nominal_voltage.imag,0
BINARY,l3141401$phases,0
ANALOG,l3141401$nominal_voltage.real,0
ANALOG,l3141401$nominal_voltage.imag,0
BINARY,sx3235245c$phases,0
ANALOG,sx3235245c$nominal_voltage.real,0
ANALOG,sx3235245c$nominal_voltage.imag,0
BINARY,x2724120c$phases,0
ANALOG,x2724120c$nominal_voltage.real,0
ANALOG,x2724120c$nominal_voltage.imag,0
BINARY,sx3048196b$phases,0
ANALOG,sx3048196b$nominal_voltage.real,0
ANALOG,sx3048196b$nominal_voltage.imag,0
BINARY,x2973150a$phases,0
ANALOG,x2973150a$nominal_voltage.real,0
ANALOG,x2973150a$nominal_voltage.imag,0
BINARY,l3233353$phases,0
ANALOG,l3233353$nominal_voltage.real,0
ANALOG,l3233353$nominal_voltage.imag,0
BINARY,sx2000402a$phases,0
ANALOG,sx2000402a$nominal_voltage.real,0
ANALOG,sx2000402a$nominal_voltage.imag,0
BINARY,x2954344c$phases,0
ANALOG,x2954344c$nominal_voltage.real,0
ANALOG,x2954344c$nominal_voltage.imag,0
BINARY,sx3120376a$phases,0
ANALOG,sx3120376a$nominal_voltage.real,0
ANALOG,sx3120376a$nominal_voltage.imag,0
BINARY,m1069300$phases,0
ANALOG,m1069300$nominal_voltage.real,0
ANALOG,m1069300$nominal_voltage.imag,0
BINARY,l2674027$phases,0
ANALOG,l2674027$nominal_voltage.real,0
ANALOG,l2674027$nominal_voltage.imag,0
BINARY,x3122837c$phases,0
ANALOG,x3122837c$nominal_voltage.real,0
ANALOG,x3122837c$nominal_voltage.imag,0
BINARY,l2935555$phases,0
ANALOG,l2935555$nominal_voltage.real,0
ANALOG,l2935555$nominal_voltage.imag,0
BINARY,l2935560$phases,0
ANALOG,l2935560$nominal_voltage.real,0
ANALOG,l2935560$nominal_voltage.imag,0
BINARY,x3197633a$phases,0
ANALOG,x3197633a$nominal_voltage.real,0
ANALOG,x3197633a$nominal_voltage.imag,0
BINARY,x2973165a$phases,0
ANALOG,x2973165a$nominal_voltage.real,0
ANALOG,x2973165a$nominal_voltage.imag,0
BINARY,l2935547$phases,0
ANALOG,l2935547$nominal_voltage.real,0
ANALOG,l2935547$nominal_voltage.imag,0
BINARY,x3197631a$phases,0
ANALOG,x3197631a$nominal_voltage.real,0
ANALOG,x3197631a$nominal_voltage.imag,0
BINARY,l2729408$phases,0
ANALOG,l2729408$nominal_voltage.real,0
ANALOG,l2729408$nominal_voltage.imag,0
BINARY,l2729412$phases,0
ANALOG,l2729412$nominal_voltage.real,0
ANALOG,l2729412$nominal_voltage.imag,0
BINARY,l2935553$phases,0
ANALOG,l2935553$nominal_voltage.real,0
ANALOG,l2935553$nominal_voltage.imag,0
BINARY,l2935554$phases,0
ANALOG,l2935554$nominal_voltage.real,0
ANALOG,l2935554$nominal_voltage.imag,0
BINARY,sx2729408b$phases,0
ANALOG,sx2729408b$nominal_voltage.real,0
ANALOG,sx2729408b$nominal_voltage.imag,0
BINARY,l2935567$phases,0
ANALOG,l2935567$nominal_voltage.real,0
ANALOG,l2935567$nominal_voltage.imag,0
BINARY,sx2991908a$phases,0
ANALOG,sx2991908a$nominal_voltage.real,0
ANALOG,sx2991908a$nominal_voltage.imag,0
BINARY,sx3104830c$phases,0
ANALOG,sx3104830c$nominal_voltage.real,0
ANALOG,sx3104830c$nominal_voltage.imag,0
BINARY,l2729434$phases,0
ANALOG,l2729434$nominal_voltage.real,0
ANALOG,l2729434$nominal_voltage.imag,0
BINARY,x3179650b$phases,0
ANALOG,x3179650b$nominal_voltage.real,0
ANALOG,x3179650b$nominal_voltage.imag,0
BINARY,l2729430$phases,0
ANALOG,l2729430$nominal_voltage.real,0
ANALOG,l2729430$nominal_voltage.imag,0
BINARY,x3141412a$phases,0
ANALOG,x3141412a$nominal_voltage.real,0
ANALOG,x3141412a$nominal_voltage.imag,0
BINARY,l2785546$phases,0
ANALOG,l2785546$nominal_voltage.real,0
ANALOG,l2785546$nominal_voltage.imag,0
BINARY,r42246$phases,0
ANALOG,r42246$nominal_voltage.real,0
ANALOG,r42246$nominal_voltage.imag,0
BINARY,l2785543$phases,0
ANALOG,l2785543$nominal_voltage.real,0
ANALOG,l2785543$nominal_voltage.imag,0
BINARY,r42247$phases,0
ANALOG,r42247$nominal_voltage.real,0
ANALOG,r42247$nominal_voltage.imag,0
BINARY,m1009691$phases,0
ANALOG,m1009691$nominal_voltage.real,0
ANALOG,m1009691$nominal_voltage.imag,0
BINARY,sx2858175a$phases,0
ANALOG,sx2858175a$nominal_voltage.real,0
ANALOG,sx2858175a$nominal_voltage.imag,0
BINARY,l2785535$phases,0
ANALOG,l2785535$nominal_voltage.real,0
ANALOG,l2785535$nominal_voltage.imag,0
BINARY,l2785534$phases,0
ANALOG,l2785534$nominal_voltage.real,0
ANALOG,l2785534$nominal_voltage.imag,0
BINARY,x2763812c$phases,0
ANALOG,x2763812c$nominal_voltage.real,0
ANALOG,x2763812c$nominal_voltage.imag,0
BINARY,l2785527$phases,0
ANALOG,l2785527$nominal_voltage.real,0
ANALOG,l2785527$nominal_voltage.imag,0
BINARY,l2785524$phases,0
ANALOG,l2785524$nominal_voltage.real,0
ANALOG,l2785524$nominal_voltage.imag,0
BINARY,sx2992624a$phases,0
ANALOG,sx2992624a$nominal_voltage.real,0
ANALOG,sx2992624a$nominal_voltage.imag,0
BINARY,m1108393$phases,0
ANALOG,m1108393$nominal_voltage.real,0
ANALOG,m1108393$nominal_voltage.imag,0
BINARY,sx2785546a$phases,0
ANALOG,sx2785546a$nominal_voltage.real,0
ANALOG,sx2785546a$nominal_voltage.imag,0
BINARY,l2897801$phases,0
ANALOG,l2897801$nominal_voltage.real,0
ANALOG,l2897801$nominal_voltage.imag,0
BINARY,x2917330a$phases,0
ANALOG,x2917330a$nominal_voltage.real,0
ANALOG,x2917330a$nominal_voltage.imag,0
BINARY,sx3122810b$phases,0
ANALOG,sx3122810b$nominal_voltage.real,0
ANALOG,sx3122810b$nominal_voltage.imag,0
BINARY,sx2763072b$phases,0
ANALOG,sx2763072b$nominal_voltage.real,0
ANALOG,sx2763072b$nominal_voltage.imag,0
BINARY,sx3082983b$phases,0
ANALOG,sx3082983b$nominal_voltage.real,0
ANALOG,sx3082983b$nominal_voltage.imag,0
BINARY,l3142050$phases,0
ANALOG,l3142050$nominal_voltage.real,0
ANALOG,l3142050$nominal_voltage.imag,0
BINARY,m1108387$phases,0
ANALOG,m1108387$nominal_voltage.real,0
ANALOG,m1108387$nominal_voltage.imag,0
BINARY,m1108381$phases,0
ANALOG,m1108381$nominal_voltage.real,0
ANALOG,m1108381$nominal_voltage.imag,0
BINARY,sx3122812b$phases,0
ANALOG,sx3122812b$nominal_voltage.real,0
ANALOG,sx3122812b$nominal_voltage.imag,0
BINARY,m2000701$phases,0
ANALOG,m2000701$nominal_voltage.real,0
ANALOG,m2000701$nominal_voltage.imag,0
BINARY,m2000700$phases,0
ANALOG,m2000700$nominal_voltage.real,0
ANALOG,m2000700$nominal_voltage.imag,0
BINARY,x3235266c$phases,0
ANALOG,x3235266c$nominal_voltage.real,0
ANALOG,x3235266c$nominal_voltage.imag,0
BINARY,sx2935547b$phases,0
ANALOG,sx2935547b$nominal_voltage.real,0
ANALOG,sx2935547b$nominal_voltage.imag,0
BINARY,x2673305b$phases,0
ANALOG,x2673305b$nominal_voltage.real,0
ANALOG,x2673305b$nominal_voltage.imag,0
BINARY,sx3010563a$phases,0
ANALOG,sx3010563a$nominal_voltage.real,0
ANALOG,sx3010563a$nominal_voltage.imag,0
BINARY,l2823592$phases,0
ANALOG,l2823592$nominal_voltage.real,0
ANALOG,l2823592$nominal_voltage.imag,0
BINARY,sx2766719a$phases,0
ANALOG,sx2766719a$nominal_voltage.real,0
ANALOG,sx2766719a$nominal_voltage.imag,0
BINARY,m1108423$phases,0
ANALOG,m1108423$nominal_voltage.real,0
ANALOG,m1108423$nominal_voltage.imag,0
BINARY,x3085398b$phases,0
ANALOG,x3085398b$nominal_voltage.real,0
ANALOG,x3085398b$nominal_voltage.imag,0
BINARY,l2879081$phases,0
ANALOG,l2879081$nominal_voltage.real,0
ANALOG,l2879081$nominal_voltage.imag,0
BINARY,l3027124$phases,0
ANALOG,l3027124$nominal_voltage.real,0
ANALOG,l3027124$nominal_voltage.imag,0
BINARY,x2710536a$phases,0
ANALOG,x2710536a$nominal_voltage.real,0
ANALOG,x2710536a$nominal_voltage.imag,0
BINARY,m1108405$phases,0
ANALOG,m1108405$nominal_voltage.real,0
ANALOG,m1108405$nominal_voltage.imag,0
BINARY,l2860490$phases,0
ANALOG,l2860490$nominal_voltage.real,0
ANALOG,l2860490$nominal_voltage.imag,0
BINARY,l2858175$phases,0
ANALOG,l2858175$nominal_voltage.real,0
ANALOG,l2858175$nominal_voltage.imag,0
BINARY,l2860484$phases,0
ANALOG,l2860484$nominal_voltage.real,0
ANALOG,l2860484$nominal_voltage.imag,0
BINARY,l2766499$phases,0
ANALOG,l2766499$nominal_voltage.real,0
ANALOG,l2766499$nominal_voltage.imag,0
BINARY,sx2766715b$phases,0
ANALOG,sx2766715b$nominal_voltage.real,0
ANALOG,sx2766715b$nominal_voltage.imag,0
BINARY,l2860493$phases,0
ANALOG,l2860493$nominal_voltage.real,0
ANALOG,l2860493$nominal_voltage.imag,0
BINARY,l2860499$phases,0
ANALOG,l2860499$nominal_voltage.real,0
ANALOG,l2860499$nominal_voltage.imag,0
BINARY,sx3066830b$phases,0
ANALOG,sx3066830b$nominal_voltage.real,0
ANALOG,sx3066830b$nominal_voltage.imag,0
BINARY,p850072$phases,0
ANALOG,p850072$nominal_voltage.real,0
ANALOG,p850072$nominal_voltage.imag,0
BINARY,l2879055$phases,0
ANALOG,l2879055$nominal_voltage.real,0
ANALOG,l2879055$nominal_voltage.imag,0
BINARY,p850080$phases,0
ANALOG,p850080$nominal_voltage.real,0
ANALOG,p850080$nominal_voltage.imag,0
BINARY,x3233353a$phases,0
ANALOG,x3233353a$nominal_voltage.real,0
ANALOG,x3233353a$nominal_voltage.imag,0
BINARY,m1108484$phases,0
ANALOG,m1108484$nominal_voltage.real,0
ANALOG,m1108484$nominal_voltage.imag,0
BINARY,sx2785543b$phases,0
ANALOG,sx2785543b$nominal_voltage.real,0
ANALOG,sx2785543b$nominal_voltage.imag,0
BINARY,x3085396a$phases,0
ANALOG,x3085396a$nominal_voltage.real,0
ANALOG,x3085396a$nominal_voltage.imag,0
BINARY,l2879075$phases,0
ANALOG,l2879075$nominal_voltage.real,0
ANALOG,l2879075$nominal_voltage.imag,0
BINARY,x3085395a$phases,0
ANALOG,x3085395a$nominal_voltage.real,0
ANALOG,x3085395a$nominal_voltage.imag,0
BINARY,l2879061$phases,0
ANALOG,l2879061$nominal_voltage.real,0
ANALOG,l2879061$nominal_voltage.imag,0
BINARY,m1108460$phases,0
ANALOG,m1108460$nominal_voltage.real,0
ANALOG,m1108460$nominal_voltage.imag,0
BINARY,m1108462$phases,0
ANALOG,m1108462$nominal_voltage.real,0
ANALOG,m1108462$nominal_voltage.imag,0
BINARY,l2692635$phases,0
ANALOG,l2692635$nominal_voltage.real,0
ANALOG,l2692635$nominal_voltage.imag,0
BINARY,l2879067$phases,0
ANALOG,l2879067$nominal_voltage.real,0
ANALOG,l2879067$nominal_voltage.imag,0
BINARY,x2766746c$phases,0
ANALOG,x2766746c$nominal_voltage.real,0
ANALOG,x2766746c$nominal_voltage.imag,0
BINARY,l2692633$phases,0
ANALOG,l2692633$nominal_voltage.real,0
ANALOG,l2692633$nominal_voltage.imag,0
BINARY,e182727$phases,0
ANALOG,e182727$nominal_voltage.real,0
ANALOG,e182727$nominal_voltage.imag,0
BINARY,x2897773a$phases,0
ANALOG,x2897773a$nominal_voltage.real,0
ANALOG,x2897773a$nominal_voltage.imag,0
BINARY,m1069249$phases,0
ANALOG,m1069249$nominal_voltage.real,0
ANALOG,m1069249$nominal_voltage.imag,0
BINARY,m1069248$phases,0
ANALOG,m1069248$nominal_voltage.real,0
ANALOG,m1069248$nominal_voltage.imag,0
BINARY,m1069247$phases,0
ANALOG,m1069247$nominal_voltage.real,0
ANALOG,m1069247$nominal_voltage.imag,0
BINARY,l2970842$phases,0
ANALOG,l2970842$nominal_voltage.real,0
ANALOG,l2970842$nominal_voltage.imag,0
BINARY,m1026997$phases,0
ANALOG,m1026997$nominal_voltage.real,0
ANALOG,m1026997$nominal_voltage.imag,0
BINARY,m1069250$phases,0
ANALOG,m1069250$nominal_voltage.real,0
ANALOG,m1069250$nominal_voltage.imag,0
BINARY,m1026990$phases,0
ANALOG,m1026990$nominal_voltage.real,0
ANALOG,m1026990$nominal_voltage.imag,0
BINARY,m1069230$phases,0
ANALOG,m1069230$nominal_voltage.real,0
ANALOG,m1069230$nominal_voltage.imag,0
BINARY,n1140822$phases,0
ANALOG,n1140822$nominal_voltage.real,0
ANALOG,n1140822$nominal_voltage.imag,0
BINARY,sx2991901b$phases,0
ANALOG,sx2991901b$nominal_voltage.real,0
ANALOG,sx2991901b$nominal_voltage.imag,0
BINARY,x2804251a$phases,0
ANALOG,x2804251a$nominal_voltage.real,0
ANALOG,x2804251a$nominal_voltage.imag,0
BINARY,m1069227$phases,0
ANALOG,m1069227$nominal_voltage.real,0
ANALOG,m1069227$nominal_voltage.imag,0
BINARY,m1069224$phases,0
ANALOG,m1069224$nominal_voltage.real,0
ANALOG,m1069224$nominal_voltage.imag,0
BINARY,m1069226$phases,0
ANALOG,m1069226$nominal_voltage.real,0
ANALOG,m1069226$nominal_voltage.imag,0
BINARY,x2992656a$phases,0
ANALOG,x2992656a$nominal_voltage.real,0
ANALOG,x2992656a$nominal_voltage.imag,0
BINARY,x3179646b$phases,0
ANALOG,x3179646b$nominal_voltage.real,0
ANALOG,x3179646b$nominal_voltage.imag,0
BINARY,l2897793$phases,0
ANALOG,l2897793$nominal_voltage.real,0
ANALOG,l2897793$nominal_voltage.imag,0
BINARY,l2690868$phases,0
ANALOG,l2690868$nominal_voltage.real,0
ANALOG,l2690868$nominal_voltage.imag,0
BINARY,sx2876813a$phases,0
ANALOG,sx2876813a$nominal_voltage.real,0
ANALOG,sx2876813a$nominal_voltage.imag,0
BINARY,x2804257b$phases,0
ANALOG,x2804257b$nominal_voltage.real,0
ANALOG,x2804257b$nominal_voltage.imag,0
BINARY,l3048890$phases,0
ANALOG,l3048890$nominal_voltage.real,0
ANALOG,l3048890$nominal_voltage.imag,0
BINARY,x2973162b$phases,0
ANALOG,x2973162b$nominal_voltage.real,0
ANALOG,x2973162b$nominal_voltage.imag,0
BINARY,sx2876814a$phases,0
ANALOG,sx2876814a$nominal_voltage.real,0
ANALOG,sx2876814a$nominal_voltage.imag,0
BINARY,l2897773$phases,0
ANALOG,l2897773$nominal_voltage.real,0
ANALOG,l2897773$nominal_voltage.imag,0
BINARY,m1026984$phases,0
ANALOG,m1026984$nominal_voltage.real,0
ANALOG,m1026984$nominal_voltage.imag,0
BINARY,m2001214$phases,0
ANALOG,m2001214$nominal_voltage.real,0
ANALOG,m2001214$nominal_voltage.imag,0
BINARY,m1026986$phases,0
ANALOG,m1026986$nominal_voltage.real,0
ANALOG,m1026986$nominal_voltage.imag,0
BINARY,m2001213$phases,0
ANALOG,m2001213$nominal_voltage.real,0
ANALOG,m2001213$nominal_voltage.imag,0
BINARY,m1026987$phases,0
ANALOG,m1026987$nominal_voltage.real,0
ANALOG,m1026987$nominal_voltage.imag,0
BINARY,m2001212$phases,0
ANALOG,m2001212$nominal_voltage.real,0
ANALOG,m2001212$nominal_voltage.imag,0
BINARY,l2897780$phases,0
ANALOG,l2897780$nominal_voltage.real,0
ANALOG,l2897780$nominal_voltage.imag,0
BINARY,m1026989$phases,0
ANALOG,m1026989$nominal_voltage.real,0
ANALOG,m1026989$nominal_voltage.imag,0
BINARY,m2001210$phases,0
ANALOG,m2001210$nominal_voltage.real,0
ANALOG,m2001210$nominal_voltage.imag,0
BINARY,l2897781$phases,0
ANALOG,l2897781$nominal_voltage.real,0
ANALOG,l2897781$nominal_voltage.imag,0
BINARY,m2001205$phases,0
ANALOG,m2001205$nominal_voltage.real,0
ANALOG,m2001205$nominal_voltage.imag,0
BINARY,m2001204$phases,0
ANALOG,m2001204$nominal_voltage.real,0
ANALOG,m2001204$nominal_voltage.imag,0
BINARY,m2001208$phases,0
ANALOG,m2001208$nominal_voltage.real,0
ANALOG,m2001208$nominal_voltage.imag,0
BINARY,m2001207$phases,0
ANALOG,m2001207$nominal_voltage.real,0
ANALOG,m2001207$nominal_voltage.imag,0
BINARY,m2001206$phases,0
ANALOG,m2001206$nominal_voltage.real,0
ANALOG,m2001206$nominal_voltage.imag,0
BINARY,l2897791$phases,0
ANALOG,l2897791$nominal_voltage.real,0
ANALOG,l2897791$nominal_voltage.imag,0
BINARY,m1026979$phases,0
ANALOG,m1026979$nominal_voltage.real,0
ANALOG,m1026979$nominal_voltage.imag,0
