BINARY,x3448661b$phases,0
ANALOG,x3448661b$nominal_voltage.real,0
ANALOG,x3448661b$nominal_voltage.imag,0
BINARY,x2684420b$phases,0
ANALOG,x2684420b$nominal_voltage.real,0
ANALOG,x2684420b$nominal_voltage.imag,0
BINARY,n1136028$phases,0
ANALOG,n1136028$nominal_voltage.real,0
ANALOG,n1136028$nominal_voltage.imag,0
BINARY,d6409775-4_int$phases,0
ANALOG,d6409775-4_int$nominal_voltage.real,0
ANALOG,d6409775-4_int$nominal_voltage.imag,0
BINARY,sx3159645a$phases,0
ANALOG,sx3159645a$nominal_voltage.real,0
ANALOG,sx3159645a$nominal_voltage.imag,0
BINARY,l2822866$phases,0
ANALOG,l2822866$nominal_voltage.real,0
ANALOG,l2822866$nominal_voltage.imag,0
BINARY,n1137003$phases,0
ANALOG,n1137003$nominal_voltage.real,0
ANALOG,n1137003$nominal_voltage.imag,0
BINARY,x3159645a$phases,0
ANALOG,x3159645a$nominal_voltage.real,0
ANALOG,x3159645a$nominal_voltage.imag,0
BINARY,m1047722$phases,0
ANALOG,m1047722$nominal_voltage.real,0
ANALOG,m1047722$nominal_voltage.imag,0
BINARY,l2895449$phases,0
ANALOG,l2895449$nominal_voltage.real,0
ANALOG,l2895449$nominal_voltage.imag,0
BINARY,l2729427$phases,0
ANALOG,l2729427$nominal_voltage.real,0
ANALOG,l2729427$nominal_voltage.imag,0
BINARY,p859135$phases,0
ANALOG,p859135$nominal_voltage.real,0
ANALOG,p859135$nominal_voltage.imag,0
BINARY,n1137987$phases,0
ANALOG,n1137987$nominal_voltage.real,0
ANALOG,n1137987$nominal_voltage.imag,0
BINARY,n1136993$phases,0
ANALOG,n1136993$nominal_voltage.real,0
ANALOG,n1136993$nominal_voltage.imag,0
BINARY,m1047593$phases,0
ANALOG,m1047593$nominal_voltage.real,0
ANALOG,m1047593$nominal_voltage.imag,0
BINARY,sx2935553b$phases,0
ANALOG,sx2935553b$nominal_voltage.real,0
ANALOG,sx2935553b$nominal_voltage.imag,0
BINARY,m1047780$phases,0
ANALOG,m1047780$nominal_voltage.real,0
ANALOG,m1047780$nominal_voltage.imag,0
BINARY,m1047744$phases,0
ANALOG,m1047744$nominal_voltage.real,0
ANALOG,m1047744$nominal_voltage.imag,0
BINARY,m1047813$phases,0
ANALOG,m1047813$nominal_voltage.real,0
ANALOG,m1047813$nominal_voltage.imag,0
BINARY,l2989432$phases,0
ANALOG,l2989432$nominal_voltage.real,0
ANALOG,l2989432$nominal_voltage.imag,0
BINARY,sx2916603b$phases,0
ANALOG,sx2916603b$nominal_voltage.real,0
ANALOG,sx2916603b$nominal_voltage.imag,0
BINARY,l2804248$phases,0
ANALOG,l2804248$nominal_voltage.real,0
ANALOG,l2804248$nominal_voltage.imag,0
BINARY,m1047793$phases,0
ANALOG,m1047793$nominal_voltage.real,0
ANALOG,m1047793$nominal_voltage.imag,0
BINARY,x3254203b$phases,0
ANALOG,x3254203b$nominal_voltage.real,0
ANALOG,x3254203b$nominal_voltage.imag,0
BINARY,l2879069$phases,0
ANALOG,l2879069$nominal_voltage.real,0
ANALOG,l2879069$nominal_voltage.imag,0
BINARY,x3235246b$phases,0
ANALOG,x3235246b$nominal_voltage.real,0
ANALOG,x3235246b$nominal_voltage.imag,0
BINARY,x3104123c$phases,0
ANALOG,x3104123c$nominal_voltage.real,0
ANALOG,x3104123c$nominal_voltage.imag,0
BINARY,x3066812a$phases,0
ANALOG,x3066812a$nominal_voltage.real,0
ANALOG,x3066812a$nominal_voltage.imag,0
BINARY,x2785512b$phases,0
ANALOG,x2785512b$nominal_voltage.real,0
ANALOG,x2785512b$nominal_voltage.imag,0
BINARY,l2991908$phases,0
ANALOG,l2991908$nominal_voltage.real,0
ANALOG,l2991908$nominal_voltage.imag,0
BINARY,m1027001$phases,0
ANALOG,m1027001$nominal_voltage.real,0
ANALOG,m1027001$nominal_voltage.imag,0
BINARY,n1136998$phases,0
ANALOG,n1136998$nominal_voltage.real,0
ANALOG,n1136998$nominal_voltage.imag,0
BINARY,x2897800b$phases,0
ANALOG,x2897800b$nominal_voltage.real,0
ANALOG,x2897800b$nominal_voltage.imag,0
BINARY,l3066811$phases,0
ANALOG,l3066811$nominal_voltage.real,0
ANALOG,l3066811$nominal_voltage.imag,0
BINARY,sx2973154a$phases,0
ANALOG,sx2973154a$nominal_voltage.real,0
ANALOG,sx2973154a$nominal_voltage.imag,0
BINARY,x2973153a$phases,0
ANALOG,x2973153a$nominal_voltage.real,0
ANALOG,x2973153a$nominal_voltage.imag,0
BINARY,n1136672$phases,0
ANALOG,n1136672$nominal_voltage.real,0
ANALOG,n1136672$nominal_voltage.imag,0
BINARY,x2729427b$phases,0
ANALOG,x2729427b$nominal_voltage.real,0
ANALOG,x2729427b$nominal_voltage.imag,0
BINARY,m1047725$phases,0
ANALOG,m1047725$nominal_voltage.real,0
ANALOG,m1047725$nominal_voltage.imag,0
BINARY,d5623395-1_int$phases,0
ANALOG,d5623395-1_int$nominal_voltage.real,0
ANALOG,d5623395-1_int$nominal_voltage.imag,0
BINARY,x3048203b$phases,0
ANALOG,x3048203b$nominal_voltage.real,0
ANALOG,x3048203b$nominal_voltage.imag,0
BINARY,x2879066b$phases,0
ANALOG,x2879066b$nominal_voltage.real,0
ANALOG,x2879066b$nominal_voltage.imag,0
BINARY,sx2804255b$phases,0
ANALOG,sx2804255b$nominal_voltage.real,0
ANALOG,sx2804255b$nominal_voltage.imag,0
BINARY,l3178971$phases,0
ANALOG,l3178971$nominal_voltage.real,0
ANALOG,l3178971$nominal_voltage.imag,0
BINARY,sx2876796a$phases,0
ANALOG,sx2876796a$nominal_voltage.real,0
ANALOG,sx2876796a$nominal_voltage.imag,0
BINARY,l2764436$phases,0
ANALOG,l2764436$nominal_voltage.real,0
ANALOG,l2764436$nominal_voltage.imag,0
BINARY,sx2973153a$phases,0
ANALOG,sx2973153a$nominal_voltage.real,0
ANALOG,sx2973153a$nominal_voltage.imag,0
BINARY,l2876796$phases,0
ANALOG,l2876796$nominal_voltage.real,0
ANALOG,l2876796$nominal_voltage.imag,0
BINARY,l2935555$phases,0
ANALOG,l2935555$nominal_voltage.real,0
ANALOG,l2935555$nominal_voltage.imag,0
BINARY,sx2710505b$phases,0
ANALOG,sx2710505b$nominal_voltage.real,0
ANALOG,sx2710505b$nominal_voltage.imag,0
BINARY,x3048207b$phases,0
ANALOG,x3048207b$nominal_voltage.real,0
ANALOG,x3048207b$nominal_voltage.imag,0
BINARY,x2973154a$phases,0
ANALOG,x2973154a$nominal_voltage.real,0
ANALOG,x2973154a$nominal_voltage.imag,0
BINARY,n1137988$phases,0
ANALOG,n1137988$nominal_voltage.real,0
ANALOG,n1137988$nominal_voltage.imag,0
BINARY,x3178971a$phases,0
ANALOG,x3178971a$nominal_voltage.real,0
ANALOG,x3178971a$nominal_voltage.imag,0
BINARY,l3065750$phases,0
ANALOG,l3065750$nominal_voltage.real,0
ANALOG,l3065750$nominal_voltage.imag,0
BINARY,sx3197631a$phases,0
ANALOG,sx3197631a$nominal_voltage.real,0
ANALOG,sx3197631a$nominal_voltage.imag,0
BINARY,sx3784018a$phases,0
ANALOG,sx3784018a$nominal_voltage.real,0
ANALOG,sx3784018a$nominal_voltage.imag,0
BINARY,sx2860481c$phases,0
ANALOG,sx2860481c$nominal_voltage.real,0
ANALOG,sx2860481c$nominal_voltage.imag,0
BINARY,l2710511$phases,0
ANALOG,l2710511$nominal_voltage.real,0
ANALOG,l2710511$nominal_voltage.imag,0
BINARY,sx3197633a$phases,0
ANALOG,sx3197633a$nominal_voltage.real,0
ANALOG,sx3197633a$nominal_voltage.imag,0
BINARY,sx2989432b$phases,0
ANALOG,sx2989432b$nominal_voltage.real,0
ANALOG,sx2989432b$nominal_voltage.imag,0
BINARY,x3197633a$phases,0
ANALOG,x3197633a$nominal_voltage.real,0
ANALOG,x3197633a$nominal_voltage.imag,0
BINARY,n1137989$phases,0
ANALOG,n1137989$nominal_voltage.real,0
ANALOG,n1137989$nominal_voltage.imag,0
BINARY,m1047633$phases,0
ANALOG,m1047633$nominal_voltage.real,0
ANALOG,m1047633$nominal_voltage.imag,0
BINARY,l3141397$phases,0
ANALOG,l3141397$nominal_voltage.real,0
ANALOG,l3141397$nominal_voltage.imag,0
BINARY,x2935555a$phases,0
ANALOG,x2935555a$nominal_voltage.real,0
ANALOG,x2935555a$nominal_voltage.imag,0
BINARY,x3159037b$phases,0
ANALOG,x3159037b$nominal_voltage.real,0
ANALOG,x3159037b$nominal_voltage.imag,0
BINARY,m1047768$phases,0
ANALOG,m1047768$nominal_voltage.real,0
ANALOG,m1047768$nominal_voltage.imag,0
BINARY,l2879068$phases,0
ANALOG,l2879068$nominal_voltage.real,0
ANALOG,l2879068$nominal_voltage.imag,0
BINARY,l2726975$phases,0
ANALOG,l2726975$nominal_voltage.real,0
ANALOG,l2726975$nominal_voltage.imag,0
BINARY,m1047572$phases,0
ANALOG,m1047572$nominal_voltage.real,0
ANALOG,m1047572$nominal_voltage.imag,0
BINARY,m3327097$phases,0
ANALOG,m3327097$nominal_voltage.real,0
ANALOG,m3327097$nominal_voltage.imag,0
BINARY,x2991908a$phases,0
ANALOG,x2991908a$nominal_voltage.real,0
ANALOG,x2991908a$nominal_voltage.imag,0
BINARY,sx2879068b$phases,0
ANALOG,sx2879068b$nominal_voltage.real,0
ANALOG,sx2879068b$nominal_voltage.imag,0
BINARY,l3215549$phases,0
ANALOG,l3215549$nominal_voltage.real,0
ANALOG,l3215549$nominal_voltage.imag,0
BINARY,sx2929261a$phases,0
ANALOG,sx2929261a$nominal_voltage.real,0
ANALOG,sx2929261a$nominal_voltage.imag,0
BINARY,m1047787$phases,0
ANALOG,m1047787$nominal_voltage.real,0
ANALOG,m1047787$nominal_voltage.imag,0
BINARY,sx2710504b$phases,0
ANALOG,sx2710504b$nominal_voltage.real,0
ANALOG,sx2710504b$nominal_voltage.imag,0
BINARY,x2929261a$phases,0
ANALOG,x2929261a$nominal_voltage.real,0
ANALOG,x2929261a$nominal_voltage.imag,0
BINARY,sx3197624b$phases,0
ANALOG,sx3197624b$nominal_voltage.real,0
ANALOG,sx3197624b$nominal_voltage.imag,0
BINARY,x2841622a$phases,0
ANALOG,x2841622a$nominal_voltage.real,0
ANALOG,x2841622a$nominal_voltage.imag,0
BINARY,sx2691943b$phases,0
ANALOG,sx2691943b$nominal_voltage.real,0
ANALOG,sx2691943b$nominal_voltage.imag,0
BINARY,sx3160117b$phases,0
ANALOG,sx3160117b$nominal_voltage.real,0
ANALOG,sx3160117b$nominal_voltage.imag,0
BINARY,l3159645$phases,0
ANALOG,l3159645$nominal_voltage.real,0
ANALOG,l3159645$nominal_voltage.imag,0
BINARY,x3215549b$phases,0
ANALOG,x3215549b$nominal_voltage.real,0
ANALOG,x3215549b$nominal_voltage.imag,0
BINARY,x2860483b$phases,0
ANALOG,x2860483b$nominal_voltage.real,0
ANALOG,x2860483b$nominal_voltage.imag,0
BINARY,x2935568b$phases,0
ANALOG,x2935568b$nominal_voltage.real,0
ANALOG,x2935568b$nominal_voltage.imag,0
BINARY,l3197633$phases,0
ANALOG,l3197633$nominal_voltage.real,0
ANALOG,l3197633$nominal_voltage.imag,0
BINARY,l2983432$phases,0
ANALOG,l2983432$nominal_voltage.real,0
ANALOG,l2983432$nominal_voltage.imag,0
BINARY,x2879068b$phases,0
ANALOG,x2879068b$nominal_voltage.real,0
ANALOG,x2879068b$nominal_voltage.imag,0
BINARY,l3197631$phases,0
ANALOG,l3197631$nominal_voltage.real,0
ANALOG,l3197631$nominal_voltage.imag,0
BINARY,l2804254$phases,0
ANALOG,l2804254$nominal_voltage.real,0
ANALOG,l2804254$nominal_voltage.imag,0
BINARY,m1047777$phases,0
ANALOG,m1047777$nominal_voltage.real,0
ANALOG,m1047777$nominal_voltage.imag,0
BINARY,l3214064$phases,0
ANALOG,l3214064$nominal_voltage.real,0
ANALOG,l3214064$nominal_voltage.imag,0
BINARY,m1047728$phases,0
ANALOG,m1047728$nominal_voltage.real,0
ANALOG,m1047728$nominal_voltage.imag,0
BINARY,l2860484$phases,0
ANALOG,l2860484$nominal_voltage.real,0
ANALOG,l2860484$nominal_voltage.imag,0
BINARY,m1047612$phases,0
ANALOG,m1047612$nominal_voltage.real,0
ANALOG,m1047612$nominal_voltage.imag,0
BINARY,l3234185$phases,0
ANALOG,l3234185$nominal_voltage.real,0
ANALOG,l3234185$nominal_voltage.imag,0
BINARY,l2710508$phases,0
ANALOG,l2710508$nominal_voltage.real,0
ANALOG,l2710508$nominal_voltage.imag,0
BINARY,x3216344b$phases,0
ANALOG,x3216344b$nominal_voltage.real,0
ANALOG,x3216344b$nominal_voltage.imag,0
BINARY,n1136029$phases,0
ANALOG,n1136029$nominal_voltage.real,0
ANALOG,n1136029$nominal_voltage.imag,0
BINARY,x2726975b$phases,0
ANALOG,x2726975b$nominal_voltage.real,0
ANALOG,x2726975b$nominal_voltage.imag,0
BINARY,sx3122814c$phases,0
ANALOG,sx3122814c$nominal_voltage.real,0
ANALOG,sx3122814c$nominal_voltage.imag,0
BINARY,m1047834$phases,0
ANALOG,m1047834$nominal_voltage.real,0
ANALOG,m1047834$nominal_voltage.imag,0
BINARY,x2973155a$phases,0
ANALOG,x2973155a$nominal_voltage.real,0
ANALOG,x2973155a$nominal_voltage.imag,0
BINARY,m1047763$phases,0
ANALOG,m1047763$nominal_voltage.real,0
ANALOG,m1047763$nominal_voltage.imag,0
BINARY,x2954346b$phases,0
ANALOG,x2954346b$nominal_voltage.real,0
ANALOG,x2954346b$nominal_voltage.imag,0
BINARY,x2983432a$phases,0
ANALOG,x2983432a$nominal_voltage.real,0
ANALOG,x2983432a$nominal_voltage.imag,0
BINARY,l2748131$phases,0
ANALOG,l2748131$nominal_voltage.real,0
ANALOG,l2748131$nominal_voltage.imag,0
BINARY,x3178974b$phases,0
ANALOG,x3178974b$nominal_voltage.real,0
ANALOG,x3178974b$nominal_voltage.imag,0
BINARY,x2729206c$phases,0
ANALOG,x2729206c$nominal_voltage.real,0
ANALOG,x2729206c$nominal_voltage.imag,0
BINARY,sx2972930a$phases,0
ANALOG,sx2972930a$nominal_voltage.real,0
ANALOG,sx2972930a$nominal_voltage.imag,0
BINARY,sx2879067a$phases,0
ANALOG,sx2879067a$nominal_voltage.real,0
ANALOG,sx2879067a$nominal_voltage.imag,0
BINARY,n1136671$phases,0
ANALOG,n1136671$nominal_voltage.real,0
ANALOG,n1136671$nominal_voltage.imag,0
BINARY,p827554$phases,0
ANALOG,p827554$nominal_voltage.real,0
ANALOG,p827554$nominal_voltage.imag,0
BINARY,n1136030$phases,0
ANALOG,n1136030$nominal_voltage.real,0
ANALOG,n1136030$nominal_voltage.imag,0
BINARY,x2822860b$phases,0
ANALOG,x2822860b$nominal_voltage.real,0
ANALOG,x2822860b$nominal_voltage.imag,0
BINARY,p827553$phases,0
ANALOG,p827553$nominal_voltage.real,0
ANALOG,p827553$nominal_voltage.imag,0
BINARY,sx2991908a$phases,0
ANALOG,sx2991908a$nominal_voltage.real,0
ANALOG,sx2991908a$nominal_voltage.imag,0
BINARY,m1047580$phases,0
ANALOG,m1047580$nominal_voltage.real,0
ANALOG,m1047580$nominal_voltage.imag,0
BINARY,x2876796a$phases,0
ANALOG,x2876796a$nominal_voltage.real,0
ANALOG,x2876796a$nominal_voltage.imag,0
BINARY,l2748124$phases,0
ANALOG,l2748124$nominal_voltage.real,0
ANALOG,l2748124$nominal_voltage.imag,0
BINARY,sx3235246b$phases,0
ANALOG,sx3235246b$nominal_voltage.real,0
ANALOG,sx3235246b$nominal_voltage.imag,0
BINARY,m1027005$phases,0
ANALOG,m1027005$nominal_voltage.real,0
ANALOG,m1027005$nominal_voltage.imag,0
BINARY,m1069731$phases,0
ANALOG,m1069731$nominal_voltage.real,0
ANALOG,m1069731$nominal_voltage.imag,0
BINARY,l2897800$phases,0
ANALOG,l2897800$nominal_voltage.real,0
ANALOG,l2897800$nominal_voltage.imag,0
BINARY,l2929261$phases,0
ANALOG,l2929261$nominal_voltage.real,0
ANALOG,l2929261$nominal_voltage.imag,0
BINARY,x2954345c$phases,0
ANALOG,x2954345c$nominal_voltage.real,0
ANALOG,x2954345c$nominal_voltage.imag,0
BINARY,sx3234185b$phases,0
ANALOG,sx3234185b$nominal_voltage.real,0
ANALOG,sx3234185b$nominal_voltage.imag,0
BINARY,sx2860501b$phases,0
ANALOG,sx2860501b$nominal_voltage.real,0
ANALOG,sx2860501b$nominal_voltage.imag,0
BINARY,x3197624b$phases,0
ANALOG,x3197624b$nominal_voltage.real,0
ANALOG,x3197624b$nominal_voltage.imag,0
BINARY,m1047825$phases,0
ANALOG,m1047825$nominal_voltage.real,0
ANALOG,m1047825$nominal_voltage.imag,0
BINARY,m1047702$phases,0
ANALOG,m1047702$nominal_voltage.real,0
ANALOG,m1047702$nominal_voltage.imag,0
BINARY,x2860480b$phases,0
ANALOG,x2860480b$nominal_voltage.real,0
ANALOG,x2860480b$nominal_voltage.imag,0
BINARY,l2860480$phases,0
ANALOG,l2860480$nominal_voltage.real,0
ANALOG,l2860480$nominal_voltage.imag,0
BINARY,x2804248b$phases,0
ANALOG,x2804248b$nominal_voltage.real,0
ANALOG,x2804248b$nominal_voltage.imag,0
BINARY,x2860481c$phases,0
ANALOG,x2860481c$nominal_voltage.real,0
ANALOG,x2860481c$nominal_voltage.imag,0
BINARY,sx3197632b$phases,0
ANALOG,sx3197632b$nominal_voltage.real,0
ANALOG,sx3197632b$nominal_voltage.imag,0
BINARY,sx2690941b$phases,0
ANALOG,sx2690941b$nominal_voltage.real,0
ANALOG,sx2690941b$nominal_voltage.imag,0
BINARY,l3085390$phases,0
ANALOG,l3085390$nominal_voltage.real,0
ANALOG,l3085390$nominal_voltage.imag,0
BINARY,x3784018a$phases,0
ANALOG,x3784018a$nominal_voltage.real,0
ANALOG,x3784018a$nominal_voltage.imag,0
BINARY,m1047720$phases,0
ANALOG,m1047720$nominal_voltage.real,0
ANALOG,m1047720$nominal_voltage.imag,0
BINARY,sx3216344b$phases,0
ANALOG,sx3216344b$nominal_voltage.real,0
ANALOG,sx3216344b$nominal_voltage.imag,0
BINARY,sx2983432a$phases,0
ANALOG,sx2983432a$nominal_voltage.real,0
ANALOG,sx2983432a$nominal_voltage.imag,0
BINARY,sx2804248b$phases,0
ANALOG,sx2804248b$nominal_voltage.real,0
ANALOG,sx2804248b$nominal_voltage.imag,0
BINARY,x3176656a$phases,0
ANALOG,x3176656a$nominal_voltage.real,0
ANALOG,x3176656a$nominal_voltage.imag,0
BINARY,m1026989$phases,0
ANALOG,m1026989$nominal_voltage.real,0
ANALOG,m1026989$nominal_voltage.imag,0
BINARY,sx3176656a$phases,0
ANALOG,sx3176656a$nominal_voltage.real,0
ANALOG,sx3176656a$nominal_voltage.imag,0
BINARY,m1047767$phases,0
ANALOG,m1047767$nominal_voltage.real,0
ANALOG,m1047767$nominal_voltage.imag,0
BINARY,l2785512$phases,0
ANALOG,l2785512$nominal_voltage.real,0
ANALOG,l2785512$nominal_voltage.imag,0
BINARY,l2708293$phases,0
ANALOG,l2708293$nominal_voltage.real,0
ANALOG,l2708293$nominal_voltage.imag,0
BINARY,sx2895449c$phases,0
ANALOG,sx2895449c$nominal_voltage.real,0
ANALOG,sx2895449c$nominal_voltage.imag,0
BINARY,m1047809$phases,0
ANALOG,m1047809$nominal_voltage.real,0
ANALOG,m1047809$nominal_voltage.imag,0
BINARY,x2710505b$phases,0
ANALOG,x2710505b$nominal_voltage.real,0
ANALOG,x2710505b$nominal_voltage.imag,0
BINARY,m1047826$phases,0
ANALOG,m1047826$nominal_voltage.real,0
ANALOG,m1047826$nominal_voltage.imag,0
BINARY,sx3157710b$phases,0
ANALOG,sx3157710b$nominal_voltage.real,0
ANALOG,sx3157710b$nominal_voltage.imag,0
BINARY,l3157710$phases,0
ANALOG,l3157710$nominal_voltage.real,0
ANALOG,l3157710$nominal_voltage.imag,0
BINARY,sx3048199b$phases,0
ANALOG,sx3048199b$nominal_voltage.real,0
ANALOG,sx3048199b$nominal_voltage.imag,0
BINARY,x3178972c$phases,0
ANALOG,x3178972c$nominal_voltage.real,0
ANALOG,x3178972c$nominal_voltage.imag,0
BINARY,p828362$phases,0
ANALOG,p828362$nominal_voltage.real,0
ANALOG,p828362$nominal_voltage.imag,0
BINARY,sx2822866b$phases,0
ANALOG,sx2822866b$nominal_voltage.real,0
ANALOG,sx2822866b$nominal_voltage.imag,0
BINARY,m1047821$phases,0
ANALOG,m1047821$nominal_voltage.real,0
ANALOG,m1047821$nominal_voltage.imag,0
BINARY,x2748127a$phases,0
ANALOG,x2748127a$nominal_voltage.real,0
ANALOG,x2748127a$nominal_voltage.imag,0
BINARY,l2710512$phases,0
ANALOG,l2710512$nominal_voltage.real,0
ANALOG,l2710512$nominal_voltage.imag,0
BINARY,sx2726975b$phases,0
ANALOG,sx2726975b$nominal_voltage.real,0
ANALOG,sx2726975b$nominal_voltage.imag,0
BINARY,m3036164$phases,0
ANALOG,m3036164$nominal_voltage.real,0
ANALOG,m3036164$nominal_voltage.imag,0
BINARY,sx2860483b$phases,0
ANALOG,sx2860483b$nominal_voltage.real,0
ANALOG,sx2860483b$nominal_voltage.imag,0
BINARY,m1047756$phases,0
ANALOG,m1047756$nominal_voltage.real,0
ANALOG,m1047756$nominal_voltage.imag,0
BINARY,sx3448661b$phases,0
ANALOG,sx3448661b$nominal_voltage.real,0
ANALOG,sx3448661b$nominal_voltage.imag,0
BINARY,l3122810$phases,0
ANALOG,l3122810$nominal_voltage.real,0
ANALOG,l3122810$nominal_voltage.imag,0
BINARY,sx3048203b$phases,0
ANALOG,sx3048203b$nominal_voltage.real,0
ANALOG,sx3048203b$nominal_voltage.imag,0
BINARY,sx3066830b$phases,0
ANALOG,sx3066830b$nominal_voltage.real,0
ANALOG,sx3066830b$nominal_voltage.imag,0
BINARY,x3197660b$phases,0
ANALOG,x3197660b$nominal_voltage.real,0
ANALOG,x3197660b$nominal_voltage.imag,0
BINARY,p827555$phases,0
ANALOG,p827555$nominal_voltage.real,0
ANALOG,p827555$nominal_voltage.imag,0
BINARY,x2935554a$phases,0
ANALOG,x2935554a$nominal_voltage.real,0
ANALOG,x2935554a$nominal_voltage.imag,0
BINARY,m1047769$phases,0
ANALOG,m1047769$nominal_voltage.real,0
ANALOG,m1047769$nominal_voltage.imag,0
BINARY,l3178975$phases,0
ANALOG,l3178975$nominal_voltage.real,0
ANALOG,l3178975$nominal_voltage.imag,0
BINARY,x3160100b$phases,0
ANALOG,x3160100b$nominal_voltage.real,0
ANALOG,x3160100b$nominal_voltage.imag,0
BINARY,x3010562b$phases,0
ANALOG,x3010562b$nominal_voltage.real,0
ANALOG,x3010562b$nominal_voltage.imag,0
BINARY,x3065750b$phases,0
ANALOG,x3065750b$nominal_voltage.real,0
ANALOG,x3065750b$nominal_voltage.imag,0
BINARY,x2822866b$phases,0
ANALOG,x2822866b$nominal_voltage.real,0
ANALOG,x2822866b$nominal_voltage.imag,0
BINARY,sx2748131b$phases,0
ANALOG,sx2748131b$nominal_voltage.real,0
ANALOG,sx2748131b$nominal_voltage.imag,0
BINARY,sx3141397b$phases,0
ANALOG,sx3141397b$nominal_voltage.real,0
ANALOG,sx3141397b$nominal_voltage.imag,0
BINARY,l2841621$phases,0
ANALOG,l2841621$nominal_voltage.real,0
ANALOG,l2841621$nominal_voltage.imag,0
BINARY,sx2860500b$phases,0
ANALOG,sx2860500b$nominal_voltage.real,0
ANALOG,sx2860500b$nominal_voltage.imag,0
BINARY,sx3160100b$phases,0
ANALOG,sx3160100b$nominal_voltage.real,0
ANALOG,sx3160100b$nominal_voltage.imag,0
BINARY,sx3178971a$phases,0
ANALOG,sx3178971a$nominal_voltage.real,0
ANALOG,sx3178971a$nominal_voltage.imag,0
BINARY,x2876797a$phases,0
ANALOG,x2876797a$nominal_voltage.real,0
ANALOG,x2876797a$nominal_voltage.imag,0
BINARY,r18241$phases,0
ANALOG,r18241$nominal_voltage.real,0
ANALOG,r18241$nominal_voltage.imag,0
BINARY,m1047766$phases,0
ANALOG,m1047766$nominal_voltage.real,0
ANALOG,m1047766$nominal_voltage.imag,0
BINARY,l3784018$phases,0
ANALOG,l3784018$nominal_voltage.real,0
ANALOG,l3784018$nominal_voltage.imag,0
BINARY,l2691943$phases,0
ANALOG,l2691943$nominal_voltage.real,0
ANALOG,l2691943$nominal_voltage.imag,0
BINARY,m1047732$phases,0
ANALOG,m1047732$nominal_voltage.real,0
ANALOG,m1047732$nominal_voltage.imag,0
BINARY,n1137986$phases,0
ANALOG,n1137986$nominal_voltage.real,0
ANALOG,n1137986$nominal_voltage.imag,0
BINARY,p827509$phases,0
ANALOG,p827509$nominal_voltage.real,0
ANALOG,p827509$nominal_voltage.imag,0
BINARY,sx2954346b$phases,0
ANALOG,sx2954346b$nominal_voltage.real,0
ANALOG,sx2954346b$nominal_voltage.imag,0
BINARY,x2878848c$phases,0
ANALOG,x2878848c$nominal_voltage.real,0
ANALOG,x2878848c$nominal_voltage.imag,0
BINARY,m1026972$phases,0
ANALOG,m1026972$nominal_voltage.real,0
ANALOG,m1026972$nominal_voltage.imag,0
BINARY,l2710504$phases,0
ANALOG,l2710504$nominal_voltage.real,0
ANALOG,l2710504$nominal_voltage.imag,0
BINARY,sx2785512b$phases,0
ANALOG,sx2785512b$nominal_voltage.real,0
ANALOG,sx2785512b$nominal_voltage.imag,0
BINARY,l2748127$phases,0
ANALOG,l2748127$nominal_voltage.real,0
ANALOG,l2748127$nominal_voltage.imag,0
BINARY,l2916603$phases,0
ANALOG,l2916603$nominal_voltage.real,0
ANALOG,l2916603$nominal_voltage.imag,0
BINARY,m1047688$phases,0
ANALOG,m1047688$nominal_voltage.real,0
ANALOG,m1047688$nominal_voltage.imag,0
BINARY,l2729207$phases,0
ANALOG,l2729207$nominal_voltage.real,0
ANALOG,l2729207$nominal_voltage.imag,0
BINARY,m1047672$phases,0
ANALOG,m1047672$nominal_voltage.real,0
ANALOG,m1047672$nominal_voltage.imag,0
BINARY,m1047755$phases,0
ANALOG,m1047755$nominal_voltage.real,0
ANALOG,m1047755$nominal_voltage.imag,0
BINARY,l2729206$phases,0
ANALOG,l2729206$nominal_voltage.real,0
ANALOG,l2729206$nominal_voltage.imag,0
BINARY,n1137001$phases,0
ANALOG,n1137001$nominal_voltage.real,0
ANALOG,n1137001$nominal_voltage.imag,0
BINARY,m3327098$phases,0
ANALOG,m3327098$nominal_voltage.real,0
ANALOG,m3327098$nominal_voltage.imag,0
BINARY,l3176656$phases,0
ANALOG,l3176656$nominal_voltage.real,0
ANALOG,l3176656$nominal_voltage.imag,0
BINARY,l2897554$phases,0
ANALOG,l2897554$nominal_voltage.real,0
ANALOG,l2897554$nominal_voltage.imag,0
BINARY,x2691943b$phases,0
ANALOG,x2691943b$nominal_voltage.real,0
ANALOG,x2691943b$nominal_voltage.imag,0
BINARY,x2860484b$phases,0
ANALOG,x2860484b$nominal_voltage.real,0
ANALOG,x2860484b$nominal_voltage.imag,0
BINARY,x3048199b$phases,0
ANALOG,x3048199b$nominal_voltage.real,0
ANALOG,x3048199b$nominal_voltage.imag,0
BINARY,sx3085397b$phases,0
ANALOG,sx3085397b$nominal_voltage.real,0
ANALOG,sx3085397b$nominal_voltage.imag,0
BINARY,l2860481$phases,0
ANALOG,l2860481$nominal_voltage.real,0
ANALOG,l2860481$nominal_voltage.imag,0
BINARY,sx2973155a$phases,0
ANALOG,sx2973155a$nominal_voltage.real,0
ANALOG,sx2973155a$nominal_voltage.imag,0
BINARY,m1047831$phases,0
ANALOG,m1047831$nominal_voltage.real,0
ANALOG,m1047831$nominal_voltage.imag,0
BINARY,sx2879069a$phases,0
ANALOG,sx2879069a$nominal_voltage.real,0
ANALOG,sx2879069a$nominal_voltage.imag,0
BINARY,n1136027$phases,0
ANALOG,n1136027$nominal_voltage.real,0
ANALOG,n1136027$nominal_voltage.imag,0
BINARY,sx3066812a$phases,0
ANALOG,sx3066812a$nominal_voltage.real,0
ANALOG,sx3066812a$nominal_voltage.imag,0
BINARY,l2684420$phases,0
ANALOG,l2684420$nominal_voltage.real,0
ANALOG,l2684420$nominal_voltage.imag,0
BINARY,x2804254a$phases,0
ANALOG,x2804254a$nominal_voltage.real,0
ANALOG,x2804254a$nominal_voltage.imag,0
BINARY,sx2897773a$phases,0
ANALOG,sx2897773a$nominal_voltage.real,0
ANALOG,sx2897773a$nominal_voltage.imag,0
BINARY,l3048199$phases,0
ANALOG,l3048199$nominal_voltage.real,0
ANALOG,l3048199$nominal_voltage.imag,0
BINARY,m1047837$phases,0
ANALOG,m1047837$nominal_voltage.real,0
ANALOG,m1047837$nominal_voltage.imag,0
BINARY,l2897773$phases,0
ANALOG,l2897773$nominal_voltage.real,0
ANALOG,l2897773$nominal_voltage.imag,0
BINARY,sx2710512b$phases,0
ANALOG,sx2710512b$nominal_voltage.real,0
ANALOG,sx2710512b$nominal_voltage.imag,0
BINARY,sx2897800b$phases,0
ANALOG,sx2897800b$nominal_voltage.real,0
ANALOG,sx2897800b$nominal_voltage.imag,0
BINARY,l2935568$phases,0
ANALOG,l2935568$nominal_voltage.real,0
ANALOG,l2935568$nominal_voltage.imag,0
BINARY,sx2841622a$phases,0
ANALOG,sx2841622a$nominal_voltage.real,0
ANALOG,sx2841622a$nominal_voltage.imag,0
BINARY,d5956471-2_int$phases,0
ANALOG,d5956471-2_int$nominal_voltage.real,0
ANALOG,d5956471-2_int$nominal_voltage.imag,0
BINARY,n1144664$phases,0
ANALOG,n1144664$nominal_voltage.real,0
ANALOG,n1144664$nominal_voltage.imag,0
BINARY,l2954345$phases,0
ANALOG,l2954345$nominal_voltage.real,0
ANALOG,l2954345$nominal_voltage.imag,0
BINARY,l2766499$phases,0
ANALOG,l2766499$nominal_voltage.real,0
ANALOG,l2766499$nominal_voltage.imag,0
BINARY,sx2748124b$phases,0
ANALOG,sx2748124b$nominal_voltage.real,0
ANALOG,sx2748124b$nominal_voltage.imag,0
BINARY,l2860501$phases,0
ANALOG,l2860501$nominal_voltage.real,0
ANALOG,l2860501$nominal_voltage.imag,0
BINARY,228-961799-3_int$phases,0
ANALOG,228-961799-3_int$nominal_voltage.real,0
ANALOG,228-961799-3_int$nominal_voltage.imag,0
BINARY,l3027156$phases,0
ANALOG,l3027156$nominal_voltage.real,0
ANALOG,l3027156$nominal_voltage.imag,0
BINARY,l3066812$phases,0
ANALOG,l3066812$nominal_voltage.real,0
ANALOG,l3066812$nominal_voltage.imag,0
BINARY,l2673343$phases,0
ANALOG,l2673343$nominal_voltage.real,0
ANALOG,l2673343$nominal_voltage.imag,0
BINARY,m1047751$phases,0
ANALOG,m1047751$nominal_voltage.real,0
ANALOG,m1047751$nominal_voltage.imag,0
BINARY,sx3254203b$phases,0
ANALOG,sx3254203b$nominal_voltage.real,0
ANALOG,sx3254203b$nominal_voltage.imag,0
BINARY,d5804798-3_int$phases,0
ANALOG,d5804798-3_int$nominal_voltage.real,0
ANALOG,d5804798-3_int$nominal_voltage.imag,0
BINARY,sx2897554c$phases,0
ANALOG,sx2897554c$nominal_voltage.real,0
ANALOG,sx2897554c$nominal_voltage.imag,0
BINARY,sx3010562b$phases,0
ANALOG,sx3010562b$nominal_voltage.real,0
ANALOG,sx3010562b$nominal_voltage.imag,0
BINARY,m1047724$phases,0
ANALOG,m1047724$nominal_voltage.real,0
ANALOG,m1047724$nominal_voltage.imag,0
BINARY,x2897554c$phases,0
ANALOG,x2897554c$nominal_voltage.real,0
ANALOG,x2897554c$nominal_voltage.imag,0
BINARY,l3253995$phases,0
ANALOG,l3253995$nominal_voltage.real,0
ANALOG,l3253995$nominal_voltage.imag,0
BINARY,n1137005$phases,0
ANALOG,n1137005$nominal_voltage.real,0
ANALOG,n1137005$nominal_voltage.imag,0
BINARY,x2766499c$phases,0
ANALOG,x2766499c$nominal_voltage.real,0
ANALOG,x2766499c$nominal_voltage.imag,0
BINARY,x2804255b$phases,0
ANALOG,x2804255b$nominal_voltage.real,0
ANALOG,x2804255b$nominal_voltage.imag,0
BINARY,n1136995$phases,0
ANALOG,n1136995$nominal_voltage.real,0
ANALOG,n1136995$nominal_voltage.imag,0
BINARY,sx2935554a$phases,0
ANALOG,sx2935554a$nominal_voltage.real,0
ANALOG,sx2935554a$nominal_voltage.imag,0
BINARY,sx2822860b$phases,0
ANALOG,sx2822860b$nominal_voltage.real,0
ANALOG,sx2822860b$nominal_voltage.imag,0
BINARY,n1136999$phases,0
ANALOG,n1136999$nominal_voltage.real,0
ANALOG,n1136999$nominal_voltage.imag,0
BINARY,l3235246$phases,0
ANALOG,l3235246$nominal_voltage.real,0
ANALOG,l3235246$nominal_voltage.imag,0
BINARY,sx3215549b$phases,0
ANALOG,sx3215549b$nominal_voltage.real,0
ANALOG,sx3215549b$nominal_voltage.imag,0
BINARY,sx2673343b$phases,0
ANALOG,sx2673343b$nominal_voltage.real,0
ANALOG,sx2673343b$nominal_voltage.imag,0
BINARY,sx3104123c$phases,0
ANALOG,sx3104123c$nominal_voltage.real,0
ANALOG,sx3104123c$nominal_voltage.imag,0
BINARY,sx3159037b$phases,0
ANALOG,sx3159037b$nominal_voltage.real,0
ANALOG,sx3159037b$nominal_voltage.imag,0
BINARY,sx3066811b$phases,0
ANALOG,sx3066811b$nominal_voltage.real,0
ANALOG,sx3066811b$nominal_voltage.imag,0
BINARY,sx2804254a$phases,0
ANALOG,sx2804254a$nominal_voltage.real,0
ANALOG,sx2804254a$nominal_voltage.imag,0
BINARY,m1027004$phases,0
ANALOG,m1027004$nominal_voltage.real,0
ANALOG,m1027004$nominal_voltage.imag,0
BINARY,x3122810b$phases,0
ANALOG,x3122810b$nominal_voltage.real,0
ANALOG,x3122810b$nominal_voltage.imag,0
BINARY,sx3178975b$phases,0
ANALOG,sx3178975b$nominal_voltage.real,0
ANALOG,sx3178975b$nominal_voltage.imag,0
BINARY,m1047649$phases,0
ANALOG,m1047649$nominal_voltage.real,0
ANALOG,m1047649$nominal_voltage.imag,0
BINARY,x3122814c$phases,0
ANALOG,x3122814c$nominal_voltage.real,0
ANALOG,x3122814c$nominal_voltage.imag,0
BINARY,x3197631a$phases,0
ANALOG,x3197631a$nominal_voltage.real,0
ANALOG,x3197631a$nominal_voltage.imag,0
BINARY,l3197660$phases,0
ANALOG,l3197660$nominal_voltage.real,0
ANALOG,l3197660$nominal_voltage.imag,0
BINARY,x2710512b$phases,0
ANALOG,x2710512b$nominal_voltage.real,0
ANALOG,x2710512b$nominal_voltage.imag,0
BINARY,l3048203$phases,0
ANALOG,l3048203$nominal_voltage.real,0
ANALOG,l3048203$nominal_voltage.imag,0
BINARY,l3104123$phases,0
ANALOG,l3104123$nominal_voltage.real,0
ANALOG,l3104123$nominal_voltage.imag,0
BINARY,m1047786$phases,0
ANALOG,m1047786$nominal_voltage.real,0
ANALOG,m1047786$nominal_voltage.imag,0
BINARY,x3197632b$phases,0
ANALOG,x3197632b$nominal_voltage.real,0
ANALOG,x3197632b$nominal_voltage.imag,0
BINARY,l3048207$phases,0
ANALOG,l3048207$nominal_voltage.real,0
ANALOG,l3048207$nominal_voltage.imag,0
BINARY,l2973153$phases,0
ANALOG,l2973153$nominal_voltage.real,0
ANALOG,l2973153$nominal_voltage.imag,0
BINARY,x2748131b$phases,0
ANALOG,x2748131b$nominal_voltage.real,0
ANALOG,x2748131b$nominal_voltage.imag,0
BINARY,l2973154$phases,0
ANALOG,l2973154$nominal_voltage.real,0
ANALOG,l2973154$nominal_voltage.imag,0
BINARY,sx2841621c$phases,0
ANALOG,sx2841621c$nominal_voltage.real,0
ANALOG,sx2841621c$nominal_voltage.imag,0
BINARY,l2879067$phases,0
ANALOG,l2879067$nominal_voltage.real,0
ANALOG,l2879067$nominal_voltage.imag,0
BINARY,sx2684420b$phases,0
ANALOG,sx2684420b$nominal_voltage.real,0
ANALOG,sx2684420b$nominal_voltage.imag,0
BINARY,sx3178974b$phases,0
ANALOG,sx3178974b$nominal_voltage.real,0
ANALOG,sx3178974b$nominal_voltage.imag,0
BINARY,m1047669$phases,0
ANALOG,m1047669$nominal_voltage.real,0
ANALOG,m1047669$nominal_voltage.imag,0
BINARY,l2973152$phases,0
ANALOG,l2973152$nominal_voltage.real,0
ANALOG,l2973152$nominal_voltage.imag,0
BINARY,sx2897765b$phases,0
ANALOG,sx2897765b$nominal_voltage.real,0
ANALOG,sx2897765b$nominal_voltage.imag,0
BINARY,sx3216123a$phases,0
ANALOG,sx3216123a$nominal_voltage.real,0
ANALOG,sx3216123a$nominal_voltage.imag,0
BINARY,m1047812$phases,0
ANALOG,m1047812$nominal_voltage.real,0
ANALOG,m1047812$nominal_voltage.imag,0
BINARY,x3085390b$phases,0
ANALOG,x3085390b$nominal_voltage.real,0
ANALOG,x3085390b$nominal_voltage.imag,0
BINARY,x2973152b$phases,0
ANALOG,x2973152b$nominal_voltage.real,0
ANALOG,x2973152b$nominal_voltage.imag,0
BINARY,l2822860$phases,0
ANALOG,l2822860$nominal_voltage.real,0
ANALOG,l2822860$nominal_voltage.imag,0
BINARY,l2876846$phases,0
ANALOG,l2876846$nominal_voltage.real,0
ANALOG,l2876846$nominal_voltage.imag,0
BINARY,sx2766499c$phases,0
ANALOG,sx2766499c$nominal_voltage.real,0
ANALOG,sx2766499c$nominal_voltage.imag,0
BINARY,sx2935555a$phases,0
ANALOG,sx2935555a$nominal_voltage.real,0
ANALOG,sx2935555a$nominal_voltage.imag,0
BINARY,l3160117$phases,0
ANALOG,l3160117$nominal_voltage.real,0
ANALOG,l3160117$nominal_voltage.imag,0
BINARY,m1069730$phases,0
ANALOG,m1069730$nominal_voltage.real,0
ANALOG,m1069730$nominal_voltage.imag,0
BINARY,x2673343b$phases,0
ANALOG,x2673343b$nominal_voltage.real,0
ANALOG,x2673343b$nominal_voltage.imag,0
BINARY,x3234185b$phases,0
ANALOG,x3234185b$nominal_voltage.real,0
ANALOG,x3234185b$nominal_voltage.imag,0
BINARY,m1047671$phases,0
ANALOG,m1047671$nominal_voltage.real,0
ANALOG,m1047671$nominal_voltage.imag,0
BINARY,n1137002$phases,0
ANALOG,n1137002$nominal_voltage.real,0
ANALOG,n1137002$nominal_voltage.imag,0
BINARY,l3178974$phases,0
ANALOG,l3178974$nominal_voltage.real,0
ANALOG,l3178974$nominal_voltage.imag,0
BINARY,x2935553b$phases,0
ANALOG,x2935553b$nominal_voltage.real,0
ANALOG,x2935553b$nominal_voltage.imag,0
BINARY,sx2729206c$phases,0
ANALOG,sx2729206c$nominal_voltage.real,0
ANALOG,sx2729206c$nominal_voltage.imag,0
BINARY,l3122814$phases,0
ANALOG,l3122814$nominal_voltage.real,0
ANALOG,l3122814$nominal_voltage.imag,0
BINARY,sx3048207b$phases,0
ANALOG,sx3048207b$nominal_voltage.real,0
ANALOG,sx3048207b$nominal_voltage.imag,0
BINARY,m1047819$phases,0
ANALOG,m1047819$nominal_voltage.real,0
ANALOG,m1047819$nominal_voltage.imag,0
BINARY,l2876797$phases,0
ANALOG,l2876797$nominal_voltage.real,0
ANALOG,l2876797$nominal_voltage.imag,0
BINARY,m1047773$phases,0
ANALOG,m1047773$nominal_voltage.real,0
ANALOG,m1047773$nominal_voltage.imag,0
BINARY,x3253995c$phases,0
ANALOG,x3253995c$nominal_voltage.real,0
ANALOG,x3253995c$nominal_voltage.imag,0
BINARY,x2860501b$phases,0
ANALOG,x2860501b$nominal_voltage.real,0
ANALOG,x2860501b$nominal_voltage.imag,0
BINARY,sx2954345c$phases,0
ANALOG,sx2954345c$nominal_voltage.real,0
ANALOG,sx2954345c$nominal_voltage.imag,0
BINARY,l2710505$phases,0
ANALOG,l2710505$nominal_voltage.real,0
ANALOG,l2710505$nominal_voltage.imag,0
BINARY,l2710513$phases,0
ANALOG,l2710513$nominal_voltage.real,0
ANALOG,l2710513$nominal_voltage.imag,0
BINARY,sx2973152b$phases,0
ANALOG,sx2973152b$nominal_voltage.real,0
ANALOG,sx2973152b$nominal_voltage.imag,0
BINARY,sx2935568b$phases,0
ANALOG,sx2935568b$nominal_voltage.real,0
ANALOG,sx2935568b$nominal_voltage.imag,0
BINARY,sx2729207c$phases,0
ANALOG,sx2729207c$nominal_voltage.real,0
ANALOG,sx2729207c$nominal_voltage.imag,0
BINARY,l3254203$phases,0
ANALOG,l3254203$nominal_voltage.real,0
ANALOG,l3254203$nominal_voltage.imag,0
BINARY,m1047737$phases,0
ANALOG,m1047737$nominal_voltage.real,0
ANALOG,m1047737$nominal_voltage.imag,0
BINARY,x2989432b$phases,0
ANALOG,x2989432b$nominal_voltage.real,0
ANALOG,x2989432b$nominal_voltage.imag,0
BINARY,x2766719a$phases,0
ANALOG,x2766719a$nominal_voltage.real,0
ANALOG,x2766719a$nominal_voltage.imag,0
BINARY,m1026969$phases,0
ANALOG,m1026969$nominal_voltage.real,0
ANALOG,m1026969$nominal_voltage.imag,0
BINARY,193-46661$phases,0
ANALOG,193-46661$nominal_voltage.real,0
ANALOG,193-46661$nominal_voltage.imag,0
BINARY,l2860500$phases,0
ANALOG,l2860500$nominal_voltage.real,0
ANALOG,l2860500$nominal_voltage.imag,0
BINARY,x3178975b$phases,0
ANALOG,x3178975b$nominal_voltage.real,0
ANALOG,x3178975b$nominal_voltage.imag,0
BINARY,sx2729427b$phases,0
ANALOG,sx2729427b$nominal_voltage.real,0
ANALOG,sx2729427b$nominal_voltage.imag,0
BINARY,m4350438$phases,0
ANALOG,m4350438$nominal_voltage.real,0
ANALOG,m4350438$nominal_voltage.imag,0
BINARY,m1047836$phases,0
ANALOG,m1047836$nominal_voltage.real,0
ANALOG,m1047836$nominal_voltage.imag,0
BINARY,x2860500b$phases,0
ANALOG,x2860500b$nominal_voltage.real,0
ANALOG,x2860500b$nominal_voltage.imag,0
BINARY,m1047792$phases,0
ANALOG,m1047792$nominal_voltage.real,0
ANALOG,m1047792$nominal_voltage.imag,0
BINARY,x2710504b$phases,0
ANALOG,x2710504b$nominal_voltage.real,0
ANALOG,x2710504b$nominal_voltage.imag,0
BINARY,sx3197660b$phases,0
ANALOG,sx3197660b$nominal_voltage.real,0
ANALOG,sx3197660b$nominal_voltage.imag,0
BINARY,x2897773a$phases,0
ANALOG,x2897773a$nominal_voltage.real,0
ANALOG,x2897773a$nominal_voltage.imag,0
BINARY,m1047750$phases,0
ANALOG,m1047750$nominal_voltage.real,0
ANALOG,m1047750$nominal_voltage.imag,0
BINARY,x2879069a$phases,0
ANALOG,x2879069a$nominal_voltage.real,0
ANALOG,x2879069a$nominal_voltage.imag,0
BINARY,sx3178973a$phases,0
ANALOG,sx3178973a$nominal_voltage.real,0
ANALOG,sx3178973a$nominal_voltage.imag,0
BINARY,m1047796$phases,0
ANALOG,m1047796$nominal_voltage.real,0
ANALOG,m1047796$nominal_voltage.imag,0
BINARY,l2935553$phases,0
ANALOG,l2935553$nominal_voltage.real,0
ANALOG,l2935553$nominal_voltage.imag,0
BINARY,sx2879066b$phases,0
ANALOG,sx2879066b$nominal_voltage.real,0
ANALOG,sx2879066b$nominal_voltage.imag,0
BINARY,n1136996$phases,0
ANALOG,n1136996$nominal_voltage.real,0
ANALOG,n1136996$nominal_voltage.imag,0
BINARY,x2690941b$phases,0
ANALOG,x2690941b$nominal_voltage.real,0
ANALOG,x2690941b$nominal_voltage.imag,0
BINARY,m1047824$phases,0
ANALOG,m1047824$nominal_voltage.real,0
ANALOG,m1047824$nominal_voltage.imag,0
BINARY,m1047795$phases,0
ANALOG,m1047795$nominal_voltage.real,0
ANALOG,m1047795$nominal_voltage.imag,0
BINARY,n1137985$phases,0
ANALOG,n1137985$nominal_voltage.real,0
ANALOG,n1137985$nominal_voltage.imag,0
BINARY,l3066830$phases,0
ANALOG,l3066830$nominal_voltage.real,0
ANALOG,l3066830$nominal_voltage.imag,0
BINARY,x3066811b$phases,0
ANALOG,x3066811b$nominal_voltage.real,0
ANALOG,x3066811b$nominal_voltage.imag,0
BINARY,l3160100$phases,0
ANALOG,l3160100$nominal_voltage.real,0
ANALOG,l3160100$nominal_voltage.imag,0
BINARY,l2860483$phases,0
ANALOG,l2860483$nominal_voltage.real,0
ANALOG,l2860483$nominal_voltage.imag,0
BINARY,l2897765$phases,0
ANALOG,l2897765$nominal_voltage.real,0
ANALOG,l2897765$nominal_voltage.imag,0
BINARY,x3141397b$phases,0
ANALOG,x3141397b$nominal_voltage.real,0
ANALOG,x3141397b$nominal_voltage.imag,0
BINARY,l3027157$phases,0
ANALOG,l3027157$nominal_voltage.real,0
ANALOG,l3027157$nominal_voltage.imag,0
BINARY,m1026987$phases,0
ANALOG,m1026987$nominal_voltage.real,0
ANALOG,m1026987$nominal_voltage.imag,0
BINARY,x2710511a$phases,0
ANALOG,x2710511a$nominal_voltage.real,0
ANALOG,x2710511a$nominal_voltage.imag,0
BINARY,x2710514b$phases,0
ANALOG,x2710514b$nominal_voltage.real,0
ANALOG,x2710514b$nominal_voltage.imag,0
BINARY,sx2860480b$phases,0
ANALOG,sx2860480b$nominal_voltage.real,0
ANALOG,sx2860480b$nominal_voltage.imag,0
BINARY,l2878848$phases,0
ANALOG,l2878848$nominal_voltage.real,0
ANALOG,l2878848$nominal_voltage.imag,0
BINARY,l2766719$phases,0
ANALOG,l2766719$nominal_voltage.real,0
ANALOG,l2766719$nominal_voltage.imag,0
BINARY,m1047613$phases,0
ANALOG,m1047613$nominal_voltage.real,0
ANALOG,m1047613$nominal_voltage.imag,0
BINARY,l2879066$phases,0
ANALOG,l2879066$nominal_voltage.real,0
ANALOG,l2879066$nominal_voltage.imag,0
BINARY,sx3085390b$phases,0
ANALOG,sx3085390b$nominal_voltage.real,0
ANALOG,sx3085390b$nominal_voltage.imag,0
BINARY,sx2876797a$phases,0
ANALOG,sx2876797a$nominal_voltage.real,0
ANALOG,sx2876797a$nominal_voltage.imag,0
BINARY,x3066830b$phases,0
ANALOG,x3066830b$nominal_voltage.real,0
ANALOG,x3066830b$nominal_voltage.imag,0
BINARY,l2972930$phases,0
ANALOG,l2972930$nominal_voltage.real,0
ANALOG,l2972930$nominal_voltage.imag,0
BINARY,l3216344$phases,0
ANALOG,l3216344$nominal_voltage.real,0
ANALOG,l3216344$nominal_voltage.imag,0
BINARY,sx3253995c$phases,0
ANALOG,sx3253995c$nominal_voltage.real,0
ANALOG,sx3253995c$nominal_voltage.imag,0
BINARY,m1047699$phases,0
ANALOG,m1047699$nominal_voltage.real,0
ANALOG,m1047699$nominal_voltage.imag,0
BINARY,m1047794$phases,0
ANALOG,m1047794$nominal_voltage.real,0
ANALOG,m1047794$nominal_voltage.imag,0
BINARY,x2897765b$phases,0
ANALOG,x2897765b$nominal_voltage.real,0
ANALOG,x2897765b$nominal_voltage.imag,0
BINARY,l2690941$phases,0
ANALOG,l2690941$nominal_voltage.real,0
ANALOG,l2690941$nominal_voltage.imag,0
BINARY,m1069738$phases,0
ANALOG,m1069738$nominal_voltage.real,0
ANALOG,m1069738$nominal_voltage.imag,0
BINARY,m1047835$phases,0
ANALOG,m1047835$nominal_voltage.real,0
ANALOG,m1047835$nominal_voltage.imag,0
BINARY,l3010562$phases,0
ANALOG,l3010562$nominal_voltage.real,0
ANALOG,l3010562$nominal_voltage.imag,0
BINARY,x2710508b$phases,0
ANALOG,x2710508b$nominal_voltage.real,0
ANALOG,x2710508b$nominal_voltage.imag,0
BINARY,l3178972$phases,0
ANALOG,l3178972$nominal_voltage.real,0
ANALOG,l3178972$nominal_voltage.imag,0
BINARY,sx2710508b$phases,0
ANALOG,sx2710508b$nominal_voltage.real,0
ANALOG,sx2710508b$nominal_voltage.imag,0
BINARY,sx2766719a$phases,0
ANALOG,sx2766719a$nominal_voltage.real,0
ANALOG,sx2766719a$nominal_voltage.imag,0
BINARY,l2935554$phases,0
ANALOG,l2935554$nominal_voltage.real,0
ANALOG,l2935554$nominal_voltage.imag,0
BINARY,x2748124b$phases,0
ANALOG,x2748124b$nominal_voltage.real,0
ANALOG,x2748124b$nominal_voltage.imag,0
BINARY,x2972930a$phases,0
ANALOG,x2972930a$nominal_voltage.real,0
ANALOG,x2972930a$nominal_voltage.imag,0
BINARY,x2916603b$phases,0
ANALOG,x2916603b$nominal_voltage.real,0
ANALOG,x2916603b$nominal_voltage.imag,0
BINARY,x3160117b$phases,0
ANALOG,x3160117b$nominal_voltage.real,0
ANALOG,x3160117b$nominal_voltage.imag,0
BINARY,l2841622$phases,0
ANALOG,l2841622$nominal_voltage.real,0
ANALOG,l2841622$nominal_voltage.imag,0
BINARY,l3197624$phases,0
ANALOG,l3197624$nominal_voltage.real,0
ANALOG,l3197624$nominal_voltage.imag,0
BINARY,p828359$phases,0
ANALOG,p828359$nominal_voltage.real,0
ANALOG,p828359$nominal_voltage.imag,0
BINARY,sx2710514b$phases,0
ANALOG,sx2710514b$nominal_voltage.real,0
ANALOG,sx2710514b$nominal_voltage.imag,0
BINARY,l2710514$phases,0
ANALOG,l2710514$nominal_voltage.real,0
ANALOG,l2710514$nominal_voltage.imag,0
BINARY,x3157710b$phases,0
ANALOG,x3157710b$nominal_voltage.real,0
ANALOG,x3157710b$nominal_voltage.imag,0
BINARY,l2973155$phases,0
ANALOG,l2973155$nominal_voltage.real,0
ANALOG,l2973155$nominal_voltage.imag,0
BINARY,sx2710513b$phases,0
ANALOG,sx2710513b$nominal_voltage.real,0
ANALOG,sx2710513b$nominal_voltage.imag,0
BINARY,m1047707$phases,0
ANALOG,m1047707$nominal_voltage.real,0
ANALOG,m1047707$nominal_voltage.imag,0
BINARY,m1047713$phases,0
ANALOG,m1047713$nominal_voltage.real,0
ANALOG,m1047713$nominal_voltage.imag,0
BINARY,l3448661$phases,0
ANALOG,l3448661$nominal_voltage.real,0
ANALOG,l3448661$nominal_voltage.imag,0
BINARY,sx3065750b$phases,0
ANALOG,sx3065750b$nominal_voltage.real,0
ANALOG,sx3065750b$nominal_voltage.imag,0
BINARY,m1027101$phases,0
ANALOG,m1027101$nominal_voltage.real,0
ANALOG,m1027101$nominal_voltage.imag,0
BINARY,l3216123$phases,0
ANALOG,l3216123$nominal_voltage.real,0
ANALOG,l3216123$nominal_voltage.imag,0
BINARY,m1026990$phases,0
ANALOG,m1026990$nominal_voltage.real,0
ANALOG,m1026990$nominal_voltage.imag,0
BINARY,x2973149b$phases,0
ANALOG,x2973149b$nominal_voltage.real,0
ANALOG,x2973149b$nominal_voltage.imag,0
BINARY,x2729207c$phases,0
ANALOG,x2729207c$nominal_voltage.real,0
ANALOG,x2729207c$nominal_voltage.imag,0
BINARY,l3159037$phases,0
ANALOG,l3159037$nominal_voltage.real,0
ANALOG,l3159037$nominal_voltage.imag,0
BINARY,x3178973a$phases,0
ANALOG,x3178973a$nominal_voltage.real,0
ANALOG,x3178973a$nominal_voltage.imag,0
BINARY,x2879067a$phases,0
ANALOG,x2879067a$nominal_voltage.real,0
ANALOG,x2879067a$nominal_voltage.imag,0
BINARY,sx3178972c$phases,0
ANALOG,sx3178972c$nominal_voltage.real,0
ANALOG,sx3178972c$nominal_voltage.imag,0
BINARY,l3197632$phases,0
ANALOG,l3197632$nominal_voltage.real,0
ANALOG,l3197632$nominal_voltage.imag,0
BINARY,x2841621c$phases,0
ANALOG,x2841621c$nominal_voltage.real,0
ANALOG,x2841621c$nominal_voltage.imag,0
BINARY,sx2710511a$phases,0
ANALOG,sx2710511a$nominal_voltage.real,0
ANALOG,sx2710511a$nominal_voltage.imag,0
BINARY,sx2748127a$phases,0
ANALOG,sx2748127a$nominal_voltage.real,0
ANALOG,sx2748127a$nominal_voltage.imag,0
BINARY,l2954346$phases,0
ANALOG,l2954346$nominal_voltage.real,0
ANALOG,l2954346$nominal_voltage.imag,0
BINARY,l2973149$phases,0
ANALOG,l2973149$nominal_voltage.real,0
ANALOG,l2973149$nominal_voltage.imag,0
BINARY,x3085397b$phases,0
ANALOG,x3085397b$nominal_voltage.real,0
ANALOG,x3085397b$nominal_voltage.imag,0
BINARY,l2804255$phases,0
ANALOG,l2804255$nominal_voltage.real,0
ANALOG,l2804255$nominal_voltage.imag,0
BINARY,x2895449c$phases,0
ANALOG,x2895449c$nominal_voltage.real,0
ANALOG,x2895449c$nominal_voltage.imag,0
BINARY,l3085397$phases,0
ANALOG,l3085397$nominal_voltage.real,0
ANALOG,l3085397$nominal_voltage.imag,0
BINARY,p828360$phases,0
ANALOG,p828360$nominal_voltage.real,0
ANALOG,p828360$nominal_voltage.imag,0
BINARY,x2710513b$phases,0
ANALOG,x2710513b$nominal_voltage.real,0
ANALOG,x2710513b$nominal_voltage.imag,0
BINARY,sx3122810b$phases,0
ANALOG,sx3122810b$nominal_voltage.real,0
ANALOG,sx3122810b$nominal_voltage.imag,0
BINARY,x3216123a$phases,0
ANALOG,x3216123a$nominal_voltage.real,0
ANALOG,x3216123a$nominal_voltage.imag,0
BINARY,m1047752$phases,0
ANALOG,m1047752$nominal_voltage.real,0
ANALOG,m1047752$nominal_voltage.imag,0
BINARY,l3178973$phases,0
ANALOG,l3178973$nominal_voltage.real,0
ANALOG,l3178973$nominal_voltage.imag,0
BINARY,sx2973149b$phases,0
ANALOG,sx2973149b$nominal_voltage.real,0
ANALOG,sx2973149b$nominal_voltage.imag,0
BINARY,m1047615$phases,0
ANALOG,m1047615$nominal_voltage.real,0
ANALOG,m1047615$nominal_voltage.imag,0
BINARY,n1136997$phases,0
ANALOG,n1136997$nominal_voltage.real,0
ANALOG,n1136997$nominal_voltage.imag,0
BINARY,sx2860484b$phases,0
ANALOG,sx2860484b$nominal_voltage.real,0
ANALOG,sx2860484b$nominal_voltage.imag,0
BINARY,m1047828$phases,0
ANALOG,m1047828$nominal_voltage.real,0
ANALOG,m1047828$nominal_voltage.imag,0
BINARY,sx2878848c$phases,0
ANALOG,sx2878848c$nominal_voltage.real,0
ANALOG,sx2878848c$nominal_voltage.imag,0
BINARY,swt_ln0409774_sw$from,0
BINARY,swt_ln0409774_sw$to,0
BINARY,swt_ln0409774_sw$phases,0
BINARY,swt_ln0409774_sw$status,0
BINARY,swt_ln0623395_sw$from,0
BINARY,swt_ln0623395_sw$to,0
BINARY,swt_ln0623395_sw$phases,0
BINARY,swt_ln0623395_sw$status,0
BINARY,swt_ln0804798_sw$from,0
BINARY,swt_ln0804798_sw$to,0
BINARY,swt_ln0804798_sw$phases,0
BINARY,swt_ln0804798_sw$status,0
