BINARY,swt_hvmv69s1b3_sw$from,0
BINARY,swt_hvmv69s1b3_sw$to,0
BINARY,swt_hvmv69s1b3_sw$phases,0
BINARY,swt_hvmv69s1b3_sw$status,0
BINARY,swt_v9287_48332_sw$from,0
BINARY,swt_v9287_48332_sw$to,0
BINARY,swt_v9287_48332_sw$phases,0
BINARY,swt_v9287_48332_sw$status,0
BINARY,swt_hvmv69s3b1_sw$from,0
BINARY,swt_hvmv69s3b1_sw$to,0
BINARY,swt_hvmv69s3b1_sw$phases,0
BINARY,swt_hvmv69s3b1_sw$status,0
BINARY,swt_ln0621886_sw$from,0
BINARY,swt_ln0621886_sw$to,0
BINARY,swt_ln0621886_sw$phases,0
BINARY,swt_ln0621886_sw$status,0
BINARY,swt_ln0017316_sw$from,0
BINARY,swt_ln0017316_sw$to,0
BINARY,swt_ln0017316_sw$phases,0
BINARY,swt_ln0017316_sw$status,0
BINARY,swt_ln0653457_sw$from,0
BINARY,swt_ln0653457_sw$to,0
BINARY,swt_ln0653457_sw$phases,0
BINARY,swt_ln0653457_sw$status,0
BINARY,swt_hvmv69s2b3_sw$from,0
BINARY,swt_hvmv69s2b3_sw$to,0
BINARY,swt_hvmv69s2b3_sw$phases,0
BINARY,swt_hvmv69s2b3_sw$status,0
BINARY,swt_ln0108145_sw$from,0
BINARY,swt_ln0108145_sw$to,0
BINARY,swt_ln0108145_sw$phases,0
BINARY,swt_ln0774458_sw$from,0
BINARY,swt_ln0774458_sw$to,0
BINARY,swt_ln0774458_sw$phases,0
BINARY,swt_ln0774458_sw$status,0
BINARY,swt_v7313_48332_sw$from,0
BINARY,swt_v7313_48332_sw$to,0
BINARY,swt_v7313_48332_sw$phases,0
BINARY,swt_v7313_48332_sw$status,0
BINARY,swt_hvmv69s2b1_sw$from,0
BINARY,swt_hvmv69s2b1_sw$to,0
BINARY,swt_hvmv69s2b1_sw$phases,0
BINARY,swt_hvmv69s2b1_sw$status,0
BINARY,swt_hvmv69s3b2_sw$from,0
BINARY,swt_hvmv69s3b2_sw$to,0
BINARY,swt_hvmv69s3b2_sw$phases,0
BINARY,swt_hvmv69s3b2_sw$status,0
BINARY,swt_ln0712587_sw$from,0
BINARY,swt_ln0712587_sw$to,0
BINARY,swt_ln0712587_sw$phases,0
BINARY,swt_ln0712587_sw$status,0
BINARY,swt_tsw30473047_sw$from,0
BINARY,swt_tsw30473047_sw$to,0
BINARY,swt_tsw30473047_sw$phases,0
BINARY,swt_hvmv115b1_sw$from,0
BINARY,swt_hvmv115b1_sw$to,0
BINARY,swt_hvmv115b1_sw$phases,0
BINARY,swt_hvmv115b1_sw$status,0
BINARY,swt_hvmv69s1b4_sw$from,0
BINARY,swt_hvmv69s1b4_sw$to,0
BINARY,swt_hvmv69s1b4_sw$phases,0
BINARY,swt_hvmv69s1b4_sw$status,0
BINARY,swt_hvmv69s1b1_sw$from,0
BINARY,swt_hvmv69s1b1_sw$to,0
BINARY,swt_hvmv69s1b1_sw$phases,0
BINARY,swt_hvmv69s1b1_sw$status,0
BINARY,swt_hvmv69s1s2-10$from,0
BINARY,swt_hvmv69s1s2-10$to,0
BINARY,swt_hvmv69s1s2-10$phases,0
BINARY,swt_hvmv69s1s2-10$status,0
BINARY,swt_ln4625876_sw$from,0
BINARY,swt_ln4625876_sw$to,0
BINARY,swt_ln4625876_sw$phases,0
BINARY,swt_l5491_48332_sw$from,0
BINARY,swt_l5491_48332_sw$to,0
BINARY,swt_l5491_48332_sw$phases,0
BINARY,x3029510b$phases,0
ANALOG,x3029510b$nominal_voltage.real,0
ANALOG,x3029510b$nominal_voltage.imag,0
BINARY,x2691939b$phases,0
ANALOG,x2691939b$nominal_voltage.real,0
ANALOG,x2691939b$nominal_voltage.imag,0
BINARY,m1026920$phases,0
ANALOG,m1026920$nominal_voltage.real,0
ANALOG,m1026920$nominal_voltage.imag,0
BINARY,x3122816b$phases,0
ANALOG,x3122816b$nominal_voltage.real,0
ANALOG,x3122816b$nominal_voltage.imag,0
BINARY,m1026926$phases,0
ANALOG,m1026926$nominal_voltage.real,0
ANALOG,m1026926$nominal_voltage.imag,0
BINARY,m1026927$phases,0
ANALOG,m1026927$nominal_voltage.real,0
ANALOG,m1026927$nominal_voltage.imag,0
BINARY,x2691938b$phases,0
ANALOG,x2691938b$nominal_voltage.real,0
ANALOG,x2691938b$nominal_voltage.imag,0
BINARY,x3122815b$phases,0
ANALOG,x3122815b$nominal_voltage.real,0
ANALOG,x3122815b$nominal_voltage.imag,0
BINARY,m1026915$phases,0
ANALOG,m1026915$nominal_voltage.real,0
ANALOG,m1026915$nominal_voltage.imag,0
BINARY,m1026916$phases,0
ANALOG,m1026916$nominal_voltage.real,0
ANALOG,m1026916$nominal_voltage.imag,0
BINARY,sx2731712b$phases,0
ANALOG,sx2731712b$nominal_voltage.real,0
ANALOG,sx2731712b$nominal_voltage.imag,0
BINARY,x2801896b$phases,0
ANALOG,x2801896b$nominal_voltage.real,0
ANALOG,x2801896b$nominal_voltage.imag,0
BINARY,m1026940$phases,0
ANALOG,m1026940$nominal_voltage.real,0
ANALOG,m1026940$nominal_voltage.imag,0
BINARY,x3122818c$phases,0
ANALOG,x3122818c$nominal_voltage.real,0
ANALOG,x3122818c$nominal_voltage.imag,0
BINARY,m1026947$phases,0
ANALOG,m1026947$nominal_voltage.real,0
ANALOG,m1026947$nominal_voltage.imag,0
BINARY,m1026948$phases,0
ANALOG,m1026948$nominal_voltage.real,0
ANALOG,m1026948$nominal_voltage.imag,0
BINARY,m1026949$phases,0
ANALOG,m1026949$nominal_voltage.real,0
ANALOG,m1026949$nominal_voltage.imag,0
BINARY,m1026946$phases,0
ANALOG,m1026946$nominal_voltage.real,0
ANALOG,m1026946$nominal_voltage.imag,0
BINARY,x3122817c$phases,0
ANALOG,x3122817c$nominal_voltage.real,0
ANALOG,x3122817c$nominal_voltage.imag,0
BINARY,hvmv69sub3_hsb$phases,0
ANALOG,hvmv69sub3_hsb$nominal_voltage.real,0
ANALOG,hvmv69sub3_hsb$nominal_voltage.imag,0
BINARY,m1026939$phases,0
ANALOG,m1026939$nominal_voltage.real,0
ANALOG,m1026939$nominal_voltage.imag,0
BINARY,m1026935$phases,0
ANALOG,m1026935$nominal_voltage.real,0
ANALOG,m1026935$nominal_voltage.imag,0
BINARY,x2860493a$phases,0
ANALOG,x2860493a$nominal_voltage.real,0
ANALOG,x2860493a$nominal_voltage.imag,0
BINARY,sx3140238a$phases,0
ANALOG,sx3140238a$nominal_voltage.real,0
ANALOG,sx3140238a$nominal_voltage.imag,0
BINARY,p859694$phases,0
ANALOG,p859694$nominal_voltage.real,0
ANALOG,p859694$nominal_voltage.imag,0
BINARY,m1026907$phases,0
ANALOG,m1026907$nominal_voltage.real,0
ANALOG,m1026907$nominal_voltage.imag,0
BINARY,x2858175a$phases,0
ANALOG,x2858175a$nominal_voltage.real,0
ANALOG,x2858175a$nominal_voltage.imag,0
BINARY,l2801896$phases,0
ANALOG,l2801896$nominal_voltage.real,0
ANALOG,l2801896$nominal_voltage.imag,0
BINARY,l2710516$phases,0
ANALOG,l2710516$nominal_voltage.real,0
ANALOG,l2710516$nominal_voltage.imag,0
BINARY,l2710515$phases,0
ANALOG,l2710515$nominal_voltage.real,0
ANALOG,l2710515$nominal_voltage.imag,0
BINARY,l2710518$phases,0
ANALOG,l2710518$nominal_voltage.real,0
ANALOG,l2710518$nominal_voltage.imag,0
BINARY,x3101788a$phases,0
ANALOG,x3101788a$nominal_voltage.real,0
ANALOG,x3101788a$nominal_voltage.imag,0
BINARY,l2710525$phases,0
ANALOG,l2710525$nominal_voltage.real,0
ANALOG,l2710525$nominal_voltage.imag,0
BINARY,x3101787a$phases,0
ANALOG,x3101787a$nominal_voltage.real,0
ANALOG,x3101787a$nominal_voltage.imag,0
BINARY,l2685805$phases,0
ANALOG,l2685805$nominal_voltage.real,0
ANALOG,l2685805$nominal_voltage.imag,0
BINARY,x2673314c$phases,0
ANALOG,x2673314c$nominal_voltage.real,0
ANALOG,x2673314c$nominal_voltage.imag,0
BINARY,l2710532$phases,0
ANALOG,l2710532$nominal_voltage.real,0
ANALOG,l2710532$nominal_voltage.imag,0
BINARY,x2673313b$phases,0
ANALOG,x2673313b$nominal_voltage.real,0
ANALOG,x2673313b$nominal_voltage.imag,0
BINARY,x3101789a$phases,0
ANALOG,x3101789a$nominal_voltage.real,0
ANALOG,x3101789a$nominal_voltage.imag,0
BINARY,l2710542$phases,0
ANALOG,l2710542$nominal_voltage.real,0
ANALOG,l2710542$nominal_voltage.imag,0
BINARY,sx3178982a$phases,0
ANALOG,sx3178982a$nominal_voltage.real,0
ANALOG,sx3178982a$nominal_voltage.imag,0
BINARY,x2710518a$phases,0
ANALOG,x2710518a$nominal_voltage.real,0
ANALOG,x2710518a$nominal_voltage.imag,0
BINARY,x2673319c$phases,0
ANALOG,x2673319c$nominal_voltage.real,0
ANALOG,x2673319c$nominal_voltage.imag,0
BINARY,x2710516a$phases,0
ANALOG,x2710516a$nominal_voltage.real,0
ANALOG,x2710516a$nominal_voltage.imag,0
BINARY,x2710515c$phases,0
ANALOG,x2710515c$nominal_voltage.real,0
ANALOG,x2710515c$nominal_voltage.imag,0
BINARY,x3632979a$phases,0
ANALOG,x3632979a$nominal_voltage.real,0
ANALOG,x3632979a$nominal_voltage.imag,0
BINARY,x2710525c$phases,0
ANALOG,x2710525c$nominal_voltage.real,0
ANALOG,x2710525c$nominal_voltage.imag,0
BINARY,l3066829$phases,0
ANALOG,l3066829$nominal_voltage.real,0
ANALOG,l3066829$nominal_voltage.imag,0
BINARY,l3066821$phases,0
ANALOG,l3066821$nominal_voltage.real,0
ANALOG,l3066821$nominal_voltage.imag,0
BINARY,l3172805$phases,0
ANALOG,l3172805$nominal_voltage.real,0
ANALOG,l3172805$nominal_voltage.imag,0
BINARY,x2673312a$phases,0
ANALOG,x2673312a$nominal_voltage.real,0
ANALOG,x2673312a$nominal_voltage.imag,0
BINARY,sx3312692a$phases,0
ANALOG,sx3312692a$nominal_voltage.real,0
ANALOG,sx3312692a$nominal_voltage.imag,0
BINARY,l3066817$phases,0
ANALOG,l3066817$nominal_voltage.real,0
ANALOG,l3066817$nominal_voltage.imag,0
BINARY,l3066816$phases,0
ANALOG,l3066816$nominal_voltage.real,0
ANALOG,l3066816$nominal_voltage.imag,0
BINARY,l3315860$phases,0
ANALOG,l3315860$nominal_voltage.real,0
ANALOG,l3315860$nominal_voltage.imag,0
BINARY,l2764399$phases,0
ANALOG,l2764399$nominal_voltage.real,0
ANALOG,l2764399$nominal_voltage.imag,0
BINARY,sx2766723a$phases,0
ANALOG,sx2766723a$nominal_voltage.real,0
ANALOG,sx2766723a$nominal_voltage.imag,0
BINARY,x2785543b$phases,0
ANALOG,x2785543b$nominal_voltage.real,0
ANALOG,x2785543b$nominal_voltage.imag,0
BINARY,sx2726983a$phases,0
ANALOG,sx2726983a$nominal_voltage.real,0
ANALOG,sx2726983a$nominal_voltage.imag,0
BINARY,x2860485b$phases,0
ANALOG,x2860485b$nominal_voltage.real,0
ANALOG,x2860485b$nominal_voltage.imag,0
BINARY,l3178969$phases,0
ANALOG,l3178969$nominal_voltage.real,0
ANALOG,l3178969$nominal_voltage.imag,0
BINARY,x2935556b$phases,0
ANALOG,x2935556b$nominal_voltage.real,0
ANALOG,x2935556b$nominal_voltage.imag,0
BINARY,m1026876$phases,0
ANALOG,m1026876$nominal_voltage.real,0
ANALOG,m1026876$nominal_voltage.imag,0
BINARY,sx2766720a$phases,0
ANALOG,sx2766720a$nominal_voltage.real,0
ANALOG,sx2766720a$nominal_voltage.imag,0
BINARY,l3178976$phases,0
ANALOG,l3178976$nominal_voltage.real,0
ANALOG,l3178976$nominal_voltage.imag,0
BINARY,l3178982$phases,0
ANALOG,l3178982$nominal_voltage.real,0
ANALOG,l3178982$nominal_voltage.imag,0
BINARY,m1026891$phases,0
ANALOG,m1026891$nominal_voltage.real,0
ANALOG,m1026891$nominal_voltage.imag,0
BINARY,m1026844$phases,0
ANALOG,m1026844$nominal_voltage.real,0
ANALOG,m1026844$nominal_voltage.imag,0
BINARY,l2726983$phases,0
ANALOG,l2726983$nominal_voltage.real,0
ANALOG,l2726983$nominal_voltage.imag,0
BINARY,m1026834$phases,0
ANALOG,m1026834$nominal_voltage.real,0
ANALOG,m1026834$nominal_voltage.imag,0
BINARY,x3141402c$phases,0
ANALOG,x3141402c$nominal_voltage.real,0
ANALOG,x3141402c$nominal_voltage.imag,0
BINARY,sx3008248a$phases,0
ANALOG,sx3008248a$nominal_voltage.real,0
ANALOG,sx3008248a$nominal_voltage.imag,0
BINARY,m1026866$phases,0
ANALOG,m1026866$nominal_voltage.real,0
ANALOG,m1026866$nominal_voltage.imag,0
BINARY,l2746587$phases,0
ANALOG,l2746587$nominal_voltage.real,0
ANALOG,l2746587$nominal_voltage.imag,0
BINARY,x2841631c$phases,0
ANALOG,x2841631c$nominal_voltage.real,0
ANALOG,x2841631c$nominal_voltage.imag,0
BINARY,sx3251807a$phases,0
ANALOG,sx3251807a$nominal_voltage.real,0
ANALOG,sx3251807a$nominal_voltage.imag,0
BINARY,sx2859391b$phases,0
ANALOG,sx2859391b$nominal_voltage.real,0
ANALOG,sx2859391b$nominal_voltage.imag,0
BINARY,l2822868$phases,0
ANALOG,l2822868$nominal_voltage.real,0
ANALOG,l2822868$nominal_voltage.imag,0
BINARY,l2764412$phases,0
ANALOG,l2764412$nominal_voltage.real,0
ANALOG,l2764412$nominal_voltage.imag,0
BINARY,sx3251806b$phases,0
ANALOG,sx3251806b$nominal_voltage.real,0
ANALOG,sx3251806b$nominal_voltage.imag,0
BINARY,l2801949$phases,0
ANALOG,l2801949$nominal_voltage.real,0
ANALOG,l2801949$nominal_voltage.imag,0
BINARY,x3254206b$phases,0
ANALOG,x3254206b$nominal_voltage.real,0
ANALOG,x3254206b$nominal_voltage.imag,0
BINARY,x3029500a$phases,0
ANALOG,x3029500a$nominal_voltage.real,0
ANALOG,x3029500a$nominal_voltage.imag,0
BINARY,l3082993$phases,0
ANALOG,l3082993$nominal_voltage.real,0
ANALOG,l3082993$nominal_voltage.imag,0
BINARY,m1026829$phases,0
ANALOG,m1026829$nominal_voltage.real,0
ANALOG,m1026829$nominal_voltage.imag,0
BINARY,swt_tsw30473047_sw$status,0
BINARY,m1026824$phases,0
ANALOG,m1026824$nominal_voltage.real,0
ANALOG,m1026824$nominal_voltage.imag,0
BINARY,sx3251808a$phases,0
ANALOG,sx3251808a$nominal_voltage.real,0
ANALOG,sx3251808a$nominal_voltage.imag,0
BINARY,l2822857$phases,0
ANALOG,l2822857$nominal_voltage.real,0
ANALOG,l2822857$nominal_voltage.imag,0
BINARY,l2822858$phases,0
ANALOG,l2822858$nominal_voltage.real,0
ANALOG,l2822858$nominal_voltage.imag,0
BINARY,regxfmr_hvmv11sub3_lsb$frequency_measure_type,0
BINARY,regxfmr_hvmv11sub3_lsb$phases,0
ANALOG,regxfmr_hvmv11sub3_lsb$nominal_voltage.real,0
ANALOG,regxfmr_hvmv11sub3_lsb$nominal_voltage.imag,0
BINARY,sx3010580b$phases,0
ANALOG,sx3010580b$nominal_voltage.real,0
ANALOG,sx3010580b$nominal_voltage.imag,0
BINARY,l3160102$phases,0
ANALOG,l3160102$nominal_voltage.real,0
ANALOG,l3160102$nominal_voltage.imag,0
BINARY,l3160103$phases,0
ANALOG,l3160103$nominal_voltage.real,0
ANALOG,l3160103$nominal_voltage.imag,0
BINARY,l3160108$phases,0
ANALOG,l3160108$nominal_voltage.real,0
ANALOG,l3160108$nominal_voltage.imag,0
BINARY,x2673326b$phases,0
ANALOG,x2673326b$nominal_voltage.real,0
ANALOG,x2673326b$nominal_voltage.imag,0
BINARY,sx2748126c$phases,0
ANALOG,sx2748126c$nominal_voltage.real,0
ANALOG,sx2748126c$nominal_voltage.imag,0
BINARY,x2948732b$phases,0
ANALOG,x2948732b$nominal_voltage.real,0
ANALOG,x2948732b$nominal_voltage.imag,0
BINARY,l3101789$phases,0
ANALOG,l3101789$nominal_voltage.real,0
ANALOG,l3101789$nominal_voltage.imag,0
BINARY,l3101788$phases,0
ANALOG,l3101788$nominal_voltage.real,0
ANALOG,l3101788$nominal_voltage.imag,0
BINARY,l3101787$phases,0
ANALOG,l3101787$nominal_voltage.real,0
ANALOG,l3101787$nominal_voltage.imag,0
BINARY,sx2916608c$phases,0
ANALOG,sx2916608c$nominal_voltage.real,0
ANALOG,sx2916608c$nominal_voltage.imag,0
BINARY,x3215340a$phases,0
ANALOG,x3215340a$nominal_voltage.real,0
ANALOG,x3215340a$nominal_voltage.imag,0
BINARY,sx2916607c$phases,0
ANALOG,sx2916607c$nominal_voltage.real,0
ANALOG,sx2916607c$nominal_voltage.imag,0
BINARY,swt_ln4625876_sw$status,0
BINARY,regxfmr_hvmv69sub1_lsb1$phases,0
ANALOG,regxfmr_hvmv69sub1_lsb1$nominal_voltage.real,0
ANALOG,regxfmr_hvmv69sub1_lsb1$nominal_voltage.imag,0
BINARY,swt_l5491_48332_sw$status,0
BINARY,l3156034$phases,0
BINARY,swt_ln0108145_sw$status,0
ANALOG,l3156034$nominal_voltage.real,0
ANALOG,l3156034$nominal_voltage.imag,0
BINARY,x3008232b$phases,0
ANALOG,x3008232b$nominal_voltage.real,0
ANALOG,x3008232b$nominal_voltage.imag,0
BINARY,sx3122837c$phases,0
ANALOG,sx3122837c$nominal_voltage.real,0
ANALOG,sx3122837c$nominal_voltage.imag,0
BINARY,sx3177894a$phases,0
ANALOG,sx3177894a$nominal_voltage.real,0
ANALOG,sx3177894a$nominal_voltage.imag,0
BINARY,x3177881c$phases,0
ANALOG,x3177881c$nominal_voltage.real,0
ANALOG,x3177881c$nominal_voltage.imag,0
BINARY,x2673323c$phases,0
ANALOG,x2673323c$nominal_voltage.real,0
ANALOG,x2673323c$nominal_voltage.imag,0
BINARY,l3235241$phases,0
ANALOG,l3235241$nominal_voltage.real,0
ANALOG,l3235241$nominal_voltage.imag,0
BINARY,l3235247$phases,0
ANALOG,l3235247$nominal_voltage.real,0
ANALOG,l3235247$nominal_voltage.imag,0
BINARY,l3235248$phases,0
ANALOG,l3235248$nominal_voltage.real,0
ANALOG,l3235248$nominal_voltage.imag,0
BINARY,x2673322b$phases,0
ANALOG,x2673322b$nominal_voltage.real,0
ANALOG,x2673322b$nominal_voltage.imag,0
BINARY,x2764412a$phases,0
ANALOG,x2764412a$nominal_voltage.real,0
ANALOG,x2764412a$nominal_voltage.imag,0
BINARY,l3235267$phases,0
ANALOG,l3235267$nominal_voltage.real,0
ANALOG,l3235267$nominal_voltage.imag,0
BINARY,l3235268$phases,0
ANALOG,l3235268$nominal_voltage.real,0
ANALOG,l3235268$nominal_voltage.imag,0
BINARY,sx3047058a$phases,0
ANALOG,sx3047058a$nominal_voltage.real,0
ANALOG,sx3047058a$nominal_voltage.imag,0
BINARY,sx2766730b$phases,0
ANALOG,sx2766730b$nominal_voltage.real,0
ANALOG,sx2766730b$nominal_voltage.imag,0
BINARY,sx2991927b$phases,0
ANALOG,sx2991927b$nominal_voltage.real,0
ANALOG,sx2991927b$nominal_voltage.imag,0
BINARY,m1026764$phases,0
ANALOG,m1026764$nominal_voltage.real,0
ANALOG,m1026764$nominal_voltage.imag,0
BINARY,m1026767$phases,0
ANALOG,m1026767$nominal_voltage.real,0
ANALOG,m1026767$nominal_voltage.imag,0
BINARY,sx3216338b$phases,0
ANALOG,sx3216338b$nominal_voltage.real,0
ANALOG,sx3216338b$nominal_voltage.imag,0
BINARY,sx2860504a$phases,0
ANALOG,sx2860504a$nominal_voltage.real,0
ANALOG,sx2860504a$nominal_voltage.imag,0
BINARY,x3122822a$phases,0
ANALOG,x3122822a$nominal_voltage.real,0
ANALOG,x3122822a$nominal_voltage.imag,0
BINARY,sx3008232b$phases,0
ANALOG,sx3008232b$nominal_voltage.real,0
ANALOG,sx3008232b$nominal_voltage.imag,0
BINARY,x2841624b$phases,0
ANALOG,x2841624b$nominal_voltage.real,0
ANALOG,x2841624b$nominal_voltage.imag,0
BINARY,sx3065696a$phases,0
ANALOG,sx3065696a$nominal_voltage.real,0
ANALOG,sx3065696a$nominal_voltage.imag,0
BINARY,x2841623a$phases,0
ANALOG,x2841623a$nominal_voltage.real,0
ANALOG,x2841623a$nominal_voltage.imag,0
BINARY,l3048221$phases,0
ANALOG,l3048221$nominal_voltage.real,0
ANALOG,l3048221$nominal_voltage.imag,0
BINARY,l3048222$phases,0
ANALOG,l3048222$nominal_voltage.real,0
ANALOG,l3048222$nominal_voltage.imag,0
BINARY,m1026779$phases,0
ANALOG,m1026779$nominal_voltage.real,0
ANALOG,m1026779$nominal_voltage.imag,0
BINARY,196-29518$phases,0
ANALOG,196-29518$nominal_voltage.real,0
ANALOG,196-29518$nominal_voltage.imag,0
BINARY,x3254213b$phases,0
ANALOG,x3254213b$nominal_voltage.real,0
ANALOG,x3254213b$nominal_voltage.imag,0
BINARY,m1026713$phases,0
ANALOG,m1026713$nominal_voltage.real,0
ANALOG,m1026713$nominal_voltage.imag,0
BINARY,l2948732$phases,0
ANALOG,l2948732$nominal_voltage.real,0
ANALOG,l2948732$nominal_voltage.imag,0
BINARY,sx2860506b$phases,0
ANALOG,sx2860506b$nominal_voltage.real,0
ANALOG,sx2860506b$nominal_voltage.imag,0
BINARY,m1026732$phases,0
ANALOG,m1026732$nominal_voltage.real,0
ANALOG,m1026732$nominal_voltage.imag,0
BINARY,x2689691a$phases,0
ANALOG,x2689691a$nominal_voltage.real,0
ANALOG,x2689691a$nominal_voltage.imag,0
BINARY,m1026734$phases,0
ANALOG,m1026734$nominal_voltage.real,0
ANALOG,m1026734$nominal_voltage.imag,0
BINARY,l2766723$phases,0
ANALOG,l2766723$nominal_voltage.real,0
ANALOG,l2766723$nominal_voltage.imag,0
BINARY,l3216361$phases,0
ANALOG,l3216361$nominal_voltage.real,0
ANALOG,l3216361$nominal_voltage.imag,0
BINARY,l2766720$phases,0
ANALOG,l2766720$nominal_voltage.real,0
ANALOG,l2766720$nominal_voltage.imag,0
BINARY,l3216350$phases,0
ANALOG,l3216350$nominal_voltage.real,0
ANALOG,l3216350$nominal_voltage.imag,0
BINARY,l3216351$phases,0
ANALOG,l3216351$nominal_voltage.real,0
ANALOG,l3216351$nominal_voltage.imag,0
BINARY,l2766715$phases,0
ANALOG,l2766715$nominal_voltage.real,0
ANALOG,l2766715$nominal_voltage.imag,0
BINARY,l3216346$phases,0
ANALOG,l3216346$nominal_voltage.real,0
ANALOG,l3216346$nominal_voltage.imag,0
BINARY,m1026709$phases,0
ANALOG,m1026709$nominal_voltage.real,0
ANALOG,m1026709$nominal_voltage.imag,0
BINARY,sx2989571a$phases,0
ANALOG,sx2989571a$nominal_voltage.real,0
ANALOG,sx2989571a$nominal_voltage.imag,0
BINARY,l3632979$phases,0
ANALOG,l3632979$nominal_voltage.real,0
ANALOG,l3632979$nominal_voltage.imag,0
BINARY,sx3141411c$phases,0
ANALOG,sx3141411c$nominal_voltage.real,0
ANALOG,sx3141411c$nominal_voltage.imag,0
BINARY,l3216338$phases,0
ANALOG,l3216338$nominal_voltage.real,0
ANALOG,l3216338$nominal_voltage.imag,0
BINARY,m1026705$phases,0
ANALOG,m1026705$nominal_voltage.real,0
ANALOG,m1026705$nominal_voltage.imag,0
BINARY,x2876814a$phases,0
ANALOG,x2876814a$nominal_voltage.real,0
ANALOG,x2876814a$nominal_voltage.imag,0
BINARY,m1026708$phases,0
ANALOG,m1026708$nominal_voltage.real,0
ANALOG,m1026708$nominal_voltage.imag,0
BINARY,m1026701$phases,0
ANALOG,m1026701$nominal_voltage.real,0
ANALOG,m1026701$nominal_voltage.imag,0
BINARY,m1026703$phases,0
ANALOG,m1026703$nominal_voltage.real,0
ANALOG,m1026703$nominal_voltage.imag,0
BINARY,sx3141412a$phases,0
ANALOG,sx3141412a$nominal_voltage.real,0
ANALOG,sx3141412a$nominal_voltage.imag,0
BINARY,l3010563$phases,0
ANALOG,l3010563$nominal_voltage.real,0
ANALOG,l3010563$nominal_voltage.imag,0
BINARY,l3010564$phases,0
ANALOG,l3010564$nominal_voltage.real,0
ANALOG,l3010564$nominal_voltage.imag,0
BINARY,l3008248$phases,0
ANALOG,l3008248$nominal_voltage.real,0
ANALOG,l3008248$nominal_voltage.imag,0
BINARY,sx2954338b$phases,0
ANALOG,sx2954338b$nominal_voltage.real,0
ANALOG,sx2954338b$nominal_voltage.imag,0
BINARY,m3021569$phases,0
ANALOG,m3021569$nominal_voltage.real,0
ANALOG,m3021569$nominal_voltage.imag,0
BINARY,m3019248$phases,0
ANALOG,m3019248$nominal_voltage.real,0
ANALOG,m3019248$nominal_voltage.imag,0
BINARY,l3010580$phases,0
ANALOG,l3010580$nominal_voltage.real,0
ANALOG,l3010580$nominal_voltage.imag,0
BINARY,l2914323$phases,0
ANALOG,l2914323$nominal_voltage.real,0
ANALOG,l2914323$nominal_voltage.imag,0
BINARY,n1134471$phases,0
ANALOG,n1134471$nominal_voltage.real,0
ANALOG,n1134471$nominal_voltage.imag,0
BINARY,n1134470$phases,0
ANALOG,n1134470$nominal_voltage.real,0
ANALOG,n1134470$nominal_voltage.imag,0
BINARY,sx3197634b$phases,0
ANALOG,sx3197634b$nominal_voltage.real,0
ANALOG,sx3197634b$nominal_voltage.imag,0
BINARY,n1134469$phases,0
ANALOG,n1134469$nominal_voltage.real,0
ANALOG,n1134469$nominal_voltage.imag,0
BINARY,q14414$phases,0
ANALOG,q14414$nominal_voltage.real,0
ANALOG,q14414$nominal_voltage.imag,0
BINARY,sx2748139b$phases,0
ANALOG,sx2748139b$nominal_voltage.real,0
ANALOG,sx2748139b$nominal_voltage.imag,0
BINARY,sx3104118c$phases,0
ANALOG,sx3104118c$nominal_voltage.real,0
ANALOG,sx3104118c$nominal_voltage.imag,0
BINARY,l3065696$phases,0
ANALOG,l3065696$nominal_voltage.real,0
ANALOG,l3065696$nominal_voltage.imag,0
BINARY,x2991901b$phases,0
ANALOG,x2991901b$nominal_voltage.real,0
ANALOG,x2991901b$nominal_voltage.imag,0
BINARY,x3027132a$phases,0
ANALOG,x3027132a$nominal_voltage.real,0
ANALOG,x3027132a$nominal_voltage.imag,0
BINARY,l3008232$phases,0
ANALOG,l3008232$nominal_voltage.real,0
ANALOG,l3008232$nominal_voltage.imag,0
BINARY,x2876812a$phases,0
ANALOG,x2876812a$nominal_voltage.real,0
ANALOG,x2876812a$nominal_voltage.imag,0
BINARY,m1027123$phases,0
ANALOG,m1027123$nominal_voltage.real,0
ANALOG,m1027123$nominal_voltage.imag,0
BINARY,l2766744$phases,0
ANALOG,l2766744$nominal_voltage.real,0
ANALOG,l2766744$nominal_voltage.imag,0
BINARY,l2766742$phases,0
ANALOG,l2766742$nominal_voltage.real,0
ANALOG,l2766742$nominal_voltage.imag,0
BINARY,l2766747$phases,0
ANALOG,l2766747$nominal_voltage.real,0
ANALOG,l2766747$nominal_voltage.imag,0
BINARY,l2766746$phases,0
ANALOG,l2766746$nominal_voltage.real,0
ANALOG,l2766746$nominal_voltage.imag,0
BINARY,n1144667$phases,0
ANALOG,n1144667$nominal_voltage.real,0
ANALOG,n1144667$nominal_voltage.imag,0
BINARY,n1144666$phases,0
ANALOG,n1144666$nominal_voltage.real,0
ANALOG,n1144666$nominal_voltage.imag,0
BINARY,sx3104114b$phases,0
ANALOG,sx3104114b$nominal_voltage.real,0
ANALOG,sx3104114b$nominal_voltage.imag,0
BINARY,l2766730$phases,0
ANALOG,l2766730$nominal_voltage.real,0
ANALOG,l2766730$nominal_voltage.imag,0
BINARY,n1138000$phases,0
ANALOG,n1138000$nominal_voltage.real,0
ANALOG,n1138000$nominal_voltage.imag,0
BINARY,m1027121$phases,0
ANALOG,m1027121$nominal_voltage.real,0
ANALOG,m1027121$nominal_voltage.imag,0
BINARY,m1027114$phases,0
ANALOG,m1027114$nominal_voltage.real,0
ANALOG,m1027114$nominal_voltage.imag,0
BINARY,x2766715b$phases,0
ANALOG,x2766715b$nominal_voltage.real,0
ANALOG,x2766715b$nominal_voltage.imag,0
BINARY,x3177894a$phases,0
ANALOG,x3177894a$nominal_voltage.real,0
ANALOG,x3177894a$nominal_voltage.imag,0
BINARY,sx2710525c$phases,0
ANALOG,sx2710525c$nominal_voltage.real,0
ANALOG,sx2710525c$nominal_voltage.imag,0
BINARY,m1027110$phases,0
ANALOG,m1027110$nominal_voltage.real,0
ANALOG,m1027110$nominal_voltage.imag,0
BINARY,m1027100$phases,0
ANALOG,m1027100$nominal_voltage.real,0
ANALOG,m1027100$nominal_voltage.imag,0
BINARY,m1027109$phases,0
ANALOG,m1027109$nominal_voltage.real,0
ANALOG,m1027109$nominal_voltage.imag,0
BINARY,m1026690$phases,0
ANALOG,m1026690$nominal_voltage.real,0
ANALOG,m1026690$nominal_voltage.imag,0
BINARY,sx3177881c$phases,0
ANALOG,sx3177881c$nominal_voltage.real,0
ANALOG,sx3177881c$nominal_voltage.imag,0
BINARY,sx2766746c$phases,0
ANALOG,sx2766746c$nominal_voltage.real,0
ANALOG,sx2766746c$nominal_voltage.imag,0
BINARY,l2841624$phases,0
ANALOG,l2841624$nominal_voltage.real,0
ANALOG,l2841624$nominal_voltage.imag,0
BINARY,l2841623$phases,0
ANALOG,l2841623$nominal_voltage.real,0
ANALOG,l2841623$nominal_voltage.imag,0
BINARY,m1026682$phases,0
ANALOG,m1026682$nominal_voltage.real,0
ANALOG,m1026682$nominal_voltage.imag,0
BINARY,x3216361b$phases,0
ANALOG,x3216361b$nominal_voltage.real,0
ANALOG,x3216361b$nominal_voltage.imag,0
BINARY,m1026681$phases,0
ANALOG,m1026681$nominal_voltage.real,0
ANALOG,m1026681$nominal_voltage.imag,0
BINARY,sx2991933c$phases,0
ANALOG,sx2991933c$nominal_voltage.real,0
ANALOG,sx2991933c$nominal_voltage.imag,0
BINARY,x3178969b$phases,0
ANALOG,x3178969b$nominal_voltage.real,0
ANALOG,x3178969b$nominal_voltage.imag,0
BINARY,l3047060$phases,0
ANALOG,l3047060$nominal_voltage.real,0
ANALOG,l3047060$nominal_voltage.imag,0
BINARY,sx2766747a$phases,0
ANALOG,sx2766747a$nominal_voltage.real,0
ANALOG,sx2766747a$nominal_voltage.imag,0
BINARY,m1026697$phases,0
ANALOG,m1026697$nominal_voltage.real,0
ANALOG,m1026697$nominal_voltage.imag,0
BINARY,l3047059$phases,0
ANALOG,l3047059$nominal_voltage.real,0
ANALOG,l3047059$nominal_voltage.imag,0
BINARY,l3047058$phases,0
ANALOG,l3047058$nominal_voltage.real,0
ANALOG,l3047058$nominal_voltage.imag,0
BINARY,sx2766742b$phases,0
ANALOG,sx2766742b$nominal_voltage.real,0
ANALOG,sx2766742b$nominal_voltage.imag,0
BINARY,sx3156034a$phases,0
ANALOG,sx3156034a$nominal_voltage.real,0
ANALOG,sx3156034a$nominal_voltage.imag,0
BINARY,x3082993a$phases,0
ANALOG,x3082993a$nominal_voltage.real,0
ANALOG,x3082993a$nominal_voltage.imag,0
BINARY,m1026670$phases,0
ANALOG,m1026670$nominal_voltage.real,0
ANALOG,m1026670$nominal_voltage.imag,0
BINARY,sx2766744b$phases,0
ANALOG,sx2766744b$nominal_voltage.real,0
ANALOG,sx2766744b$nominal_voltage.imag,0
BINARY,l2841645$phases,0
ANALOG,l2841645$nominal_voltage.real,0
ANALOG,l2841645$nominal_voltage.imag,0
BINARY,m1026667$phases,0
ANALOG,m1026667$nominal_voltage.real,0
ANALOG,m1026667$nominal_voltage.imag,0
BINARY,m1026661$phases,0
ANALOG,m1026661$nominal_voltage.real,0
ANALOG,m1026661$nominal_voltage.imag,0
BINARY,l2839331$phases,0
ANALOG,l2839331$nominal_voltage.real,0
ANALOG,l2839331$nominal_voltage.imag,0
BINARY,m1026662$phases,0
ANALOG,m1026662$nominal_voltage.real,0
ANALOG,m1026662$nominal_voltage.imag,0
BINARY,l3177881$phases,0
ANALOG,l3177881$nominal_voltage.real,0
ANALOG,l3177881$nominal_voltage.imag,0
BINARY,x2785522b$phases,0
ANALOG,x2785522b$nominal_voltage.real,0
ANALOG,x2785522b$nominal_voltage.imag,0
BINARY,l3177894$phases,0
ANALOG,l3177894$nominal_voltage.real,0
ANALOG,l3177894$nominal_voltage.imag,0
BINARY,m1026655$phases,0
ANALOG,m1026655$nominal_voltage.real,0
ANALOG,m1026655$nominal_voltage.imag,0
BINARY,l2841631$phases,0
ANALOG,l2841631$nominal_voltage.real,0
ANALOG,l2841631$nominal_voltage.imag,0
BINARY,m1026658$phases,0
ANALOG,m1026658$nominal_voltage.real,0
ANALOG,m1026658$nominal_voltage.imag,0
BINARY,x2879092c$phases,0
ANALOG,x2879092c$nominal_voltage.real,0
ANALOG,x2879092c$nominal_voltage.imag,0
BINARY,l2895489$phases,0
ANALOG,l2895489$nominal_voltage.real,0
ANALOG,l2895489$nominal_voltage.imag,0
BINARY,x2691952a$phases,0
ANALOG,x2691952a$nominal_voltage.real,0
ANALOG,x2691952a$nominal_voltage.imag,0
BINARY,sx3120504a$phases,0
ANALOG,sx3120504a$nominal_voltage.real,0
ANALOG,sx3120504a$nominal_voltage.imag,0
BINARY,l3197634$phases,0
ANALOG,l3197634$nominal_voltage.real,0
ANALOG,l3197634$nominal_voltage.imag,0
BINARY,n1147865$phases,0
ANALOG,n1147865$nominal_voltage.real,0
ANALOG,n1147865$nominal_voltage.imag,0
BINARY,n1147866$phases,0
ANALOG,n1147866$nominal_voltage.real,0
ANALOG,n1147866$nominal_voltage.imag,0
BINARY,n1147863$phases,0
ANALOG,n1147863$nominal_voltage.real,0
ANALOG,n1147863$nominal_voltage.imag,0
BINARY,n1147861$phases,0
ANALOG,n1147861$nominal_voltage.real,0
ANALOG,n1147861$nominal_voltage.imag,0
BINARY,n1147862$phases,0
ANALOG,n1147862$nominal_voltage.real,0
ANALOG,n1147862$nominal_voltage.imag,0
BINARY,n1147860$phases,0
ANALOG,n1147860$nominal_voltage.real,0
ANALOG,n1147860$nominal_voltage.imag,0
BINARY,x3085403a$phases,0
ANALOG,x3085403a$nominal_voltage.real,0
ANALOG,x3085403a$nominal_voltage.imag,0
BINARY,sx2801896b$phases,0
ANALOG,sx2801896b$nominal_voltage.real,0
ANALOG,sx2801896b$nominal_voltage.imag,0
BINARY,x2764399b$phases,0
ANALOG,x2764399b$nominal_voltage.real,0
ANALOG,x2764399b$nominal_voltage.imag,0
BINARY,n1147858$phases,0
ANALOG,n1147858$nominal_voltage.real,0
ANALOG,n1147858$nominal_voltage.imag,0
BINARY,n1147859$phases,0
ANALOG,n1147859$nominal_voltage.real,0
ANALOG,n1147859$nominal_voltage.imag,0
BINARY,n1147857$phases,0
ANALOG,n1147857$nominal_voltage.real,0
ANALOG,n1147857$nominal_voltage.imag,0
BINARY,sx2748140a$phases,0
ANALOG,sx2748140a$nominal_voltage.real,0
ANALOG,sx2748140a$nominal_voltage.imag,0
BINARY,sx3197642c$phases,0
ANALOG,sx3197642c$nominal_voltage.real,0
ANALOG,sx3197642c$nominal_voltage.imag,0
BINARY,l3197642$phases,0
ANALOG,l3197642$nominal_voltage.real,0
ANALOG,l3197642$nominal_voltage.imag,0
BINARY,x2731712b$phases,0
ANALOG,x2731712b$nominal_voltage.real,0
ANALOG,x2731712b$nominal_voltage.imag,0
BINARY,l2748139$phases,0
ANALOG,l2748139$nominal_voltage.real,0
ANALOG,l2748139$nominal_voltage.imag,0
BINARY,l2748140$phases,0
ANALOG,l2748140$nominal_voltage.real,0
ANALOG,l2748140$nominal_voltage.imag,0
BINARY,m1027091$phases,0
ANALOG,m1027091$nominal_voltage.real,0
ANALOG,m1027091$nominal_voltage.imag,0
BINARY,m1027092$phases,0
ANALOG,m1027092$nominal_voltage.real,0
ANALOG,m1027092$nominal_voltage.imag,0
BINARY,l2748152$phases,0
ANALOG,l2748152$nominal_voltage.real,0
ANALOG,l2748152$nominal_voltage.imag,0
BINARY,x2914323b$phases,0
ANALOG,x2914323b$nominal_voltage.real,0
ANALOG,x2914323b$nominal_voltage.imag,0
BINARY,sx3139103a$phases,0
ANALOG,sx3139103a$nominal_voltage.real,0
ANALOG,sx3139103a$nominal_voltage.imag,0
BINARY,x2858163a$phases,0
ANALOG,x2858163a$nominal_voltage.real,0
ANALOG,x2858163a$nominal_voltage.imag,0
BINARY,l2748126$phases,0
ANALOG,l2748126$nominal_voltage.real,0
ANALOG,l2748126$nominal_voltage.imag,0
BINARY,sx2911069b$phases,0
ANALOG,sx2911069b$nominal_voltage.real,0
ANALOG,sx2911069b$nominal_voltage.imag,0
BINARY,sx2954347b$phases,0
ANALOG,sx2954347b$nominal_voltage.real,0
ANALOG,sx2954347b$nominal_voltage.imag,0
BINARY,sx2710542b$phases,0
ANALOG,sx2710542b$nominal_voltage.real,0
ANALOG,sx2710542b$nominal_voltage.imag,0
BINARY,m1027066$phases,0
ANALOG,m1027066$nominal_voltage.real,0
ANALOG,m1027066$nominal_voltage.imag,0
BINARY,m1027056$phases,0
ANALOG,m1027056$nominal_voltage.real,0
ANALOG,m1027056$nominal_voltage.imag,0
BINARY,m1027055$phases,0
ANALOG,m1027055$nominal_voltage.real,0
ANALOG,m1027055$nominal_voltage.imag,0
BINARY,d6017316-1_int$phases,0
ANALOG,d6017316-1_int$nominal_voltage.real,0
ANALOG,d6017316-1_int$nominal_voltage.imag,0
BINARY,m1027080$phases,0
ANALOG,m1027080$nominal_voltage.real,0
ANALOG,m1027080$nominal_voltage.imag,0
BINARY,m1027087$phases,0
ANALOG,m1027087$nominal_voltage.real,0
ANALOG,m1027087$nominal_voltage.imag,0
BINARY,x3195327a$phases,0
ANALOG,x3195327a$nominal_voltage.real,0
ANALOG,x3195327a$nominal_voltage.imag,0
BINARY,m1027071$phases,0
ANALOG,m1027071$nominal_voltage.real,0
ANALOG,m1027071$nominal_voltage.imag,0
BINARY,m1027073$phases,0
ANALOG,m1027073$nominal_voltage.real,0
ANALOG,m1027073$nominal_voltage.imag,0
BINARY,m1027068$phases,0
ANALOG,m1027068$nominal_voltage.real,0
ANALOG,m1027068$nominal_voltage.imag,0
BINARY,m1027019$phases,0
ANALOG,m1027019$nominal_voltage.real,0
ANALOG,m1027019$nominal_voltage.imag,0
BINARY,m1027013$phases,0
ANALOG,m1027013$nominal_voltage.real,0
ANALOG,m1027013$nominal_voltage.imag,0
BINARY,m1027014$phases,0
ANALOG,m1027014$nominal_voltage.real,0
ANALOG,m1027014$nominal_voltage.imag,0
BINARY,sx2822857b$phases,0
ANALOG,sx2822857b$nominal_voltage.real,0
ANALOG,sx2822857b$nominal_voltage.imag,0
BINARY,m1027011$phases,0
ANALOG,m1027011$nominal_voltage.real,0
ANALOG,m1027011$nominal_voltage.imag,0
BINARY,m1027002$phases,0
ANALOG,m1027002$nominal_voltage.real,0
ANALOG,m1027002$nominal_voltage.imag,0
BINARY,l3085398$phases,0
ANALOG,l3085398$nominal_voltage.real,0
ANALOG,l3085398$nominal_voltage.imag,0
BINARY,sx2822858b$phases,0
ANALOG,sx2822858b$nominal_voltage.real,0
ANALOG,sx2822858b$nominal_voltage.imag,0
BINARY,m1027041$phases,0
ANALOG,m1027041$nominal_voltage.real,0
ANALOG,m1027041$nominal_voltage.imag,0
BINARY,m1027042$phases,0
ANALOG,m1027042$nominal_voltage.real,0
ANALOG,m1027042$nominal_voltage.imag,0
BINARY,m1027043$phases,0
ANALOG,m1027043$nominal_voltage.real,0
ANALOG,m1027043$nominal_voltage.imag,0
BINARY,m1027038$phases,0
ANALOG,m1027038$nominal_voltage.real,0
ANALOG,m1027038$nominal_voltage.imag,0
BINARY,m1027039$phases,0
ANALOG,m1027039$nominal_voltage.real,0
ANALOG,m1027039$nominal_voltage.imag,0
BINARY,m1027036$phases,0
ANALOG,m1027036$nominal_voltage.real,0
ANALOG,m1027036$nominal_voltage.imag,0
BINARY,sx3231269b$phases,0
ANALOG,sx3231269b$nominal_voltage.real,0
ANALOG,sx3231269b$nominal_voltage.imag,0
BINARY,x3216346a$phases,0
ANALOG,x3216346a$nominal_voltage.real,0
ANALOG,x3216346a$nominal_voltage.imag,0
BINARY,sx3120503a$phases,0
ANALOG,sx3120503a$nominal_voltage.real,0
ANALOG,sx3120503a$nominal_voltage.imag,0
BINARY,m1027027$phases,0
ANALOG,m1027027$nominal_voltage.real,0
ANALOG,m1027027$nominal_voltage.imag,0
BINARY,m1027023$phases,0
ANALOG,m1027023$nominal_voltage.real,0
ANALOG,m1027023$nominal_voltage.imag,0
BINARY,sx3104124b$phases,0
ANALOG,sx3104124b$nominal_voltage.real,0
ANALOG,sx3104124b$nominal_voltage.imag,0
BINARY,sx3085398b$phases,0
ANALOG,sx3085398b$nominal_voltage.real,0
ANALOG,sx3085398b$nominal_voltage.imag,0
BINARY,x3008248a$phases,0
ANALOG,x3008248a$nominal_voltage.real,0
ANALOG,x3008248a$nominal_voltage.imag,0
BINARY,x2746587c$phases,0
ANALOG,x2746587c$nominal_voltage.real,0
ANALOG,x2746587c$nominal_voltage.imag,0
BINARY,x2860479b$phases,0
ANALOG,x2860479b$nominal_voltage.real,0
ANALOG,x2860479b$nominal_voltage.imag,0
BINARY,m1027000$phases,0
ANALOG,m1027000$nominal_voltage.real,0
ANALOG,m1027000$nominal_voltage.imag,0
BINARY,x3178976a$phases,0
ANALOG,x3178976a$nominal_voltage.real,0
ANALOG,x3178976a$nominal_voltage.imag,0
BINARY,d5835167-6_int$phases,0
ANALOG,d5835167-6_int$nominal_voltage.real,0
ANALOG,d5835167-6_int$nominal_voltage.imag,0
BINARY,x3312692a$phases,0
ANALOG,x3312692a$nominal_voltage.real,0
ANALOG,x3312692a$nominal_voltage.imag,0
BINARY,sx2710532c$phases,0
ANALOG,sx2710532c$nominal_voltage.real,0
ANALOG,sx2710532c$nominal_voltage.imag,0
BINARY,x3066821a$phases,0
ANALOG,x3066821a$nominal_voltage.real,0
ANALOG,x3066821a$nominal_voltage.imag,0
BINARY,x2685805a$phases,0
ANALOG,x2685805a$nominal_voltage.real,0
ANALOG,x2685805a$nominal_voltage.imag,0
BINARY,x2785530a$phases,0
ANALOG,x2785530a$nominal_voltage.real,0
ANALOG,x2785530a$nominal_voltage.imag,0
BINARY,x3216350a$phases,0
ANALOG,x3216350a$nominal_voltage.real,0
ANALOG,x3216350a$nominal_voltage.imag,0
BINARY,x2879089c$phases,0
ANALOG,x2879089c$nominal_voltage.real,0
ANALOG,x2879089c$nominal_voltage.imag,0
BINARY,x3216351a$phases,0
ANALOG,x3216351a$nominal_voltage.real,0
ANALOG,x3216351a$nominal_voltage.imag,0
BINARY,l3085403$phases,0
ANALOG,l3085403$nominal_voltage.real,0
ANALOG,l3085403$nominal_voltage.imag,0
BINARY,l3104124$phases,0
ANALOG,l3104124$nominal_voltage.real,0
ANALOG,l3104124$nominal_voltage.imag,0
BINARY,l2954347$phases,0
ANALOG,l2954347$nominal_voltage.real,0
ANALOG,l2954347$nominal_voltage.imag,0
BINARY,x3254234b$phases,0
ANALOG,x3254234b$nominal_voltage.real,0
ANALOG,x3254234b$nominal_voltage.imag,0
BINARY,x3048221a$phases,0
ANALOG,x3048221a$nominal_voltage.real,0
ANALOG,x3048221a$nominal_voltage.imag,0
BINARY,l3104114$phases,0
ANALOG,l3104114$nominal_voltage.real,0
ANALOG,l3104114$nominal_voltage.imag,0
BINARY,x2691941c$phases,0
ANALOG,x2691941c$nominal_voltage.real,0
ANALOG,x2691941c$nominal_voltage.imag,0
BINARY,l2954338$phases,0
ANALOG,l2954338$nominal_voltage.real,0
ANALOG,l2954338$nominal_voltage.imag,0
BINARY,l3104118$phases,0
ANALOG,l3104118$nominal_voltage.real,0
ANALOG,l3104118$nominal_voltage.imag,0
BINARY,x3048222c$phases,0
ANALOG,x3048222c$nominal_voltage.real,0
ANALOG,x3048222c$nominal_voltage.imag,0
BINARY,x2691944a$phases,0
ANALOG,x2691944a$nominal_voltage.real,0
ANALOG,x2691944a$nominal_voltage.imag,0
BINARY,l3122837$phases,0
ANALOG,l3122837$nominal_voltage.real,0
ANALOG,l3122837$nominal_voltage.imag,0
BINARY,x2729401b$phases,0
ANALOG,x2729401b$nominal_voltage.real,0
ANALOG,x2729401b$nominal_voltage.imag,0
BINARY,x2860478b$phases,0
ANALOG,x2860478b$nominal_voltage.real,0
ANALOG,x2860478b$nominal_voltage.imag,0
BINARY,x3010564c$phases,0
ANALOG,x3010564c$nominal_voltage.real,0
ANALOG,x3010564c$nominal_voltage.imag,0
BINARY,x2841645c$phases,0
ANALOG,x2841645c$nominal_voltage.real,0
ANALOG,x2841645c$nominal_voltage.imag,0
BINARY,l3122815$phases,0
ANALOG,l3122815$nominal_voltage.real,0
ANALOG,l3122815$nominal_voltage.imag,0
BINARY,l3122816$phases,0
ANALOG,l3122816$nominal_voltage.real,0
ANALOG,l3122816$nominal_voltage.imag,0
BINARY,l3122817$phases,0
ANALOG,l3122817$nominal_voltage.real,0
ANALOG,l3122817$nominal_voltage.imag,0
BINARY,l3122818$phases,0
ANALOG,l3122818$nominal_voltage.real,0
ANALOG,l3122818$nominal_voltage.imag,0
BINARY,x3066829c$phases,0
ANALOG,x3066829c$nominal_voltage.real,0
ANALOG,x3066829c$nominal_voltage.imag,0
BINARY,x3010563a$phases,0
ANALOG,x3010563a$nominal_voltage.real,0
ANALOG,x3010563a$nominal_voltage.imag,0
BINARY,p875742$phases,0
ANALOG,p875742$nominal_voltage.real,0
ANALOG,p875742$nominal_voltage.imag,0
BINARY,x2879081a$phases,0
ANALOG,x2879081a$nominal_voltage.real,0
ANALOG,x2879081a$nominal_voltage.imag,0
BINARY,l3122822$phases,0
ANALOG,l3122822$nominal_voltage.real,0
ANALOG,l3122822$nominal_voltage.imag,0
BINARY,sx2841631c$phases,0
ANALOG,sx2841631c$nominal_voltage.real,0
ANALOG,sx2841631c$nominal_voltage.imag,0
BINARY,sx3254206b$phases,0
ANALOG,sx3254206b$nominal_voltage.real,0
ANALOG,sx3254206b$nominal_voltage.imag,0
BINARY,sx2973166c$phases,0
ANALOG,sx2973166c$nominal_voltage.real,0
ANALOG,sx2973166c$nominal_voltage.imag,0
BINARY,x3120504a$phases,0
ANALOG,x3120504a$nominal_voltage.real,0
ANALOG,x3120504a$nominal_voltage.imag,0
BINARY,x3251807a$phases,0
ANALOG,x3251807a$nominal_voltage.real,0
ANALOG,x3251807a$nominal_voltage.imag,0
BINARY,x3251806b$phases,0
ANALOG,x3251806b$nominal_voltage.real,0
ANALOG,x3251806b$nominal_voltage.imag,0
BINARY,sx2973169a$phases,0
ANALOG,sx2973169a$nominal_voltage.real,0
ANALOG,sx2973169a$nominal_voltage.imag,0
BINARY,sx2748152b$phases,0
ANALOG,sx2748152b$nominal_voltage.real,0
ANALOG,sx2748152b$nominal_voltage.imag,0
BINARY,x3251808a$phases,0
ANALOG,x3251808a$nominal_voltage.real,0
ANALOG,x3251808a$nominal_voltage.imag,0
BINARY,sx3029500a$phases,0
ANALOG,sx3029500a$nominal_voltage.real,0
ANALOG,sx3029500a$nominal_voltage.imag,0
BINARY,x2729408b$phases,0
ANALOG,x2729408b$nominal_voltage.real,0
ANALOG,x2729408b$nominal_voltage.imag,0
BINARY,x2729409b$phases,0
ANALOG,x2729409b$nominal_voltage.real,0
ANALOG,x2729409b$nominal_voltage.imag,0
BINARY,x3010580b$phases,0
ANALOG,x3010580b$nominal_voltage.real,0
ANALOG,x3010580b$nominal_voltage.imag,0
BINARY,sx2858163a$phases,0
ANALOG,sx2858163a$nominal_voltage.real,0
ANALOG,sx2858163a$nominal_voltage.imag,0
BINARY,x2911069b$phases,0
ANALOG,x2911069b$nominal_voltage.real,0
ANALOG,x2911069b$nominal_voltage.imag,0
BINARY,sx2935556b$phases,0
ANALOG,sx2935556b$nominal_voltage.real,0
ANALOG,sx2935556b$nominal_voltage.imag,0
BINARY,l2911069$phases,0
ANALOG,l2911069$nominal_voltage.real,0
ANALOG,l2911069$nominal_voltage.imag,0
BINARY,x3065696a$phases,0
ANALOG,x3065696a$nominal_voltage.real,0
ANALOG,x3065696a$nominal_voltage.imag,0
BINARY,sx2729434b$phases,0
ANALOG,sx2729434b$nominal_voltage.real,0
ANALOG,sx2729434b$nominal_voltage.imag,0
BINARY,sx2689691a$phases,0
ANALOG,sx2689691a$nominal_voltage.real,0
ANALOG,sx2689691a$nominal_voltage.imag,0
BINARY,sx3048221a$phases,0
ANALOG,sx3048221a$nominal_voltage.real,0
ANALOG,sx3048221a$nominal_voltage.imag,0
BINARY,x2991927b$phases,0
ANALOG,x2991927b$nominal_voltage.real,0
ANALOG,x2991927b$nominal_voltage.imag,0
BINARY,sx3048222c$phases,0
ANALOG,sx3048222c$nominal_voltage.real,0
ANALOG,sx3048222c$nominal_voltage.imag,0
BINARY,x3216338b$phases,0
ANALOG,x3216338b$nominal_voltage.real,0
ANALOG,x3216338b$nominal_voltage.imag,0
BINARY,sx3160108b$phases,0
ANALOG,sx3160108b$nominal_voltage.real,0
ANALOG,sx3160108b$nominal_voltage.imag,0
BINARY,x2766742b$phases,0
ANALOG,x2766742b$nominal_voltage.real,0
ANALOG,x2766742b$nominal_voltage.imag,0
BINARY,sx2860485b$phases,0
ANALOG,sx2860485b$nominal_voltage.real,0
ANALOG,sx2860485b$nominal_voltage.imag,0
BINARY,sx2822868a$phases,0
ANALOG,sx2822868a$nominal_voltage.real,0
ANALOG,sx2822868a$nominal_voltage.imag,0
BINARY,sx2804256b$phases,0
ANALOG,sx2804256b$nominal_voltage.real,0
ANALOG,sx2804256b$nominal_voltage.imag,0
BINARY,sx2804257b$phases,0
ANALOG,sx2804257b$nominal_voltage.real,0
ANALOG,sx2804257b$nominal_voltage.imag,0
BINARY,d5653457-1_int$phases,0
ANALOG,d5653457-1_int$nominal_voltage.real,0
ANALOG,d5653457-1_int$nominal_voltage.imag,0
BINARY,l3251806$phases,0
ANALOG,l3251806$nominal_voltage.real,0
ANALOG,l3251806$nominal_voltage.imag,0
BINARY,l3251808$phases,0
ANALOG,l3251808$nominal_voltage.real,0
ANALOG,l3251808$nominal_voltage.imag,0
BINARY,l3251807$phases,0
ANALOG,l3251807$nominal_voltage.real,0
ANALOG,l3251807$nominal_voltage.imag,0
BINARY,x2879078a$phases,0
ANALOG,x2879078a$nominal_voltage.real,0
ANALOG,x2879078a$nominal_voltage.imag,0
BINARY,sx3215340a$phases,0
ANALOG,sx3215340a$nominal_voltage.real,0
ANALOG,sx3215340a$nominal_voltage.imag,0
BINARY,sx2673312a$phases,0
ANALOG,sx2673312a$nominal_voltage.real,0
ANALOG,sx2673312a$nominal_voltage.imag,0
BINARY,sx3216361b$phases,0
ANALOG,sx3216361b$nominal_voltage.real,0
ANALOG,sx3216361b$nominal_voltage.imag,0
BINARY,sx2785530a$phases,0
ANALOG,sx2785530a$nominal_voltage.real,0
ANALOG,sx2785530a$nominal_voltage.imag,0
BINARY,x2991933c$phases,0
ANALOG,x2991933c$nominal_voltage.real,0
ANALOG,x2991933c$nominal_voltage.imag,0
BINARY,sx2673313b$phases,0
ANALOG,sx2673313b$nominal_voltage.real,0
ANALOG,sx2673313b$nominal_voltage.imag,0
BINARY,x2726983a$phases,0
ANALOG,x2726983a$nominal_voltage.real,0
ANALOG,x2726983a$nominal_voltage.imag,0
BINARY,sx2764412a$phases,0
ANALOG,sx2764412a$nominal_voltage.real,0
ANALOG,sx2764412a$nominal_voltage.imag,0
BINARY,x3315860b$phases,0
ANALOG,x3315860b$nominal_voltage.real,0
ANALOG,x3315860b$nominal_voltage.imag,0
BINARY,p827530$phases,0
ANALOG,p827530$nominal_voltage.real,0
ANALOG,p827530$nominal_voltage.imag,0
BINARY,sx2948732b$phases,0
ANALOG,sx2948732b$nominal_voltage.real,0
ANALOG,sx2948732b$nominal_voltage.imag,0
BINARY,x2970811a$phases,0
ANALOG,x2970811a$nominal_voltage.real,0
ANALOG,x2970811a$nominal_voltage.imag,0
BINARY,l2689727$phases,0
ANALOG,l2689727$nominal_voltage.real,0
ANALOG,l2689727$nominal_voltage.imag,0
BINARY,x3066816a$phases,0
ANALOG,x3066816a$nominal_voltage.real,0
ANALOG,x3066816a$nominal_voltage.imag,0
BINARY,p827528$phases,0
ANALOG,p827528$nominal_voltage.real,0
ANALOG,p827528$nominal_voltage.imag,0
BINARY,sx2673314c$phases,0
ANALOG,sx2673314c$nominal_voltage.real,0
ANALOG,sx2673314c$nominal_voltage.imag,0
BINARY,d5621886-1_int$phases,0
ANALOG,d5621886-1_int$nominal_voltage.real,0
ANALOG,d5621886-1_int$nominal_voltage.imag,0
BINARY,p827573$phases,0
ANALOG,p827573$nominal_voltage.real,0
ANALOG,p827573$nominal_voltage.imag,0
BINARY,x3178982a$phases,0
ANALOG,x3178982a$nominal_voltage.real,0
ANALOG,x3178982a$nominal_voltage.imag,0
BINARY,p827561$phases,0
ANALOG,p827561$nominal_voltage.real,0
ANALOG,p827561$nominal_voltage.imag,0
BINARY,p827560$phases,0
ANALOG,p827560$nominal_voltage.real,0
ANALOG,p827560$nominal_voltage.imag,0
BINARY,m1010013$phases,0
ANALOG,m1010013$nominal_voltage.real,0
ANALOG,m1010013$nominal_voltage.imag,0
BINARY,m1010011$phases,0
ANALOG,m1010011$nominal_voltage.real,0
ANALOG,m1010011$nominal_voltage.imag,0
BINARY,m1010017$phases,0
ANALOG,m1010017$nominal_voltage.real,0
ANALOG,m1010017$nominal_voltage.imag,0
BINARY,m1010016$phases,0
ANALOG,m1010016$nominal_voltage.real,0
ANALOG,m1010016$nominal_voltage.imag,0
BINARY,m1010015$phases,0
ANALOG,m1010015$nominal_voltage.real,0
ANALOG,m1010015$nominal_voltage.imag,0
BINARY,m1010014$phases,0
ANALOG,m1010014$nominal_voltage.real,0
ANALOG,m1010014$nominal_voltage.imag,0
BINARY,sx3235268c$phases,0
ANALOG,sx3235268c$nominal_voltage.real,0
ANALOG,sx3235268c$nominal_voltage.imag,0
BINARY,x3172805a$phases,0
ANALOG,x3172805a$nominal_voltage.real,0
ANALOG,x3172805a$nominal_voltage.imag,0
BINARY,x3066817a$phases,0
ANALOG,x3066817a$nominal_voltage.real,0
ANALOG,x3066817a$nominal_voltage.imag,0
BINARY,sx3235267c$phases,0
ANALOG,sx3235267c$nominal_voltage.real,0
ANALOG,sx3235267c$nominal_voltage.imag,0
BINARY,x3120503a$phases,0
ANALOG,x3120503a$nominal_voltage.real,0
ANALOG,x3120503a$nominal_voltage.imag,0
BINARY,sx2673319c$phases,0
ANALOG,sx2673319c$nominal_voltage.real,0
ANALOG,sx2673319c$nominal_voltage.imag,0
BINARY,d6019477-1_int$phases,0
ANALOG,d6019477-1_int$nominal_voltage.real,0
ANALOG,d6019477-1_int$nominal_voltage.imag,0
BINARY,sx2691939b$phases,0
ANALOG,sx2691939b$nominal_voltage.real,0
ANALOG,sx2691939b$nominal_voltage.imag,0
BINARY,hvmv115_hsb2$phases,0
ANALOG,hvmv115_hsb2$nominal_voltage.real,0
ANALOG,hvmv115_hsb2$nominal_voltage.imag,0
BINARY,hvmv115_hsb1$phases,0
ANALOG,hvmv115_hsb1$nominal_voltage.real,0
ANALOG,hvmv115_hsb1$nominal_voltage.imag,0
BINARY,sx2691938b$phases,0
ANALOG,sx2691938b$nominal_voltage.real,0
ANALOG,sx2691938b$nominal_voltage.imag,0
BINARY,sx3029510b$phases,0
ANALOG,sx3029510b$nominal_voltage.real,0
ANALOG,sx3029510b$nominal_voltage.imag,0
BINARY,m1010004$phases,0
ANALOG,m1010004$nominal_voltage.real,0
ANALOG,m1010004$nominal_voltage.imag,0
BINARY,m1010003$phases,0
ANALOG,m1010003$nominal_voltage.real,0
ANALOG,m1010003$nominal_voltage.imag,0
BINARY,m1010008$phases,0
ANALOG,m1010008$nominal_voltage.real,0
ANALOG,m1010008$nominal_voltage.imag,0
BINARY,m1010007$phases,0
ANALOG,m1010007$nominal_voltage.real,0
ANALOG,m1010007$nominal_voltage.imag,0
BINARY,x3140238a$phases,0
ANALOG,x3140238a$nominal_voltage.real,0
ANALOG,x3140238a$nominal_voltage.imag,0
BINARY,l2673326$phases,0
ANALOG,l2673326$nominal_voltage.real,0
ANALOG,l2673326$nominal_voltage.imag,0
BINARY,l2673323$phases,0
ANALOG,l2673323$nominal_voltage.real,0
ANALOG,l2673323$nominal_voltage.imag,0
BINARY,l2673322$phases,0
ANALOG,l2673322$nominal_voltage.real,0
ANALOG,l2673322$nominal_voltage.imag,0
BINARY,l2916608$phases,0
ANALOG,l2916608$nominal_voltage.real,0
ANALOG,l2916608$nominal_voltage.imag,0
BINARY,l2916607$phases,0
ANALOG,l2916607$nominal_voltage.real,0
ANALOG,l2916607$nominal_voltage.imag,0
BINARY,d5655682-1_int$phases,0
ANALOG,d5655682-1_int$nominal_voltage.real,0
ANALOG,d5655682-1_int$nominal_voltage.imag,0
BINARY,l2673314$phases,0
ANALOG,l2673314$nominal_voltage.real,0
ANALOG,l2673314$nominal_voltage.imag,0
BINARY,l2673313$phases,0
ANALOG,l2673313$nominal_voltage.real,0
ANALOG,l2673313$nominal_voltage.imag,0
BINARY,l2673312$phases,0
ANALOG,l2673312$nominal_voltage.real,0
ANALOG,l2673312$nominal_voltage.imag,0
BINARY,l2673319$phases,0
ANALOG,l2673319$nominal_voltage.real,0
ANALOG,l2673319$nominal_voltage.imag,0
BINARY,x2973146b$phases,0
ANALOG,x2973146b$nominal_voltage.real,0
ANALOG,x2973146b$nominal_voltage.imag,0
BINARY,p827514$phases,0
ANALOG,p827514$nominal_voltage.real,0
ANALOG,p827514$nominal_voltage.imag,0
BINARY,m3016088$phases,0
ANALOG,m3016088$nominal_voltage.real,0
ANALOG,m3016088$nominal_voltage.imag,0
BINARY,sx2860493a$phases,0
ANALOG,sx2860493a$nominal_voltage.real,0
ANALOG,sx2860493a$nominal_voltage.imag,0
BINARY,x3235248c$phases,0
ANALOG,x3235248c$nominal_voltage.real,0
ANALOG,x3235248c$nominal_voltage.imag,0
BINARY,sx2785522b$phases,0
ANALOG,sx2785522b$nominal_voltage.real,0
ANALOG,sx2785522b$nominal_voltage.imag,0
BINARY,m3729981$phases,0
ANALOG,m3729981$nominal_voltage.real,0
ANALOG,m3729981$nominal_voltage.imag,0
BINARY,x3235247a$phases,0
ANALOG,x3235247a$nominal_voltage.real,0
ANALOG,x3235247a$nominal_voltage.imag,0
BINARY,n1141475$phases,0
ANALOG,n1141475$nominal_voltage.real,0
ANALOG,n1141475$nominal_voltage.imag,0
BINARY,n1141474$phases,0
ANALOG,n1141474$nominal_voltage.real,0
ANALOG,n1141474$nominal_voltage.imag,0
BINARY,n1141473$phases,0
ANALOG,n1141473$nominal_voltage.real,0
ANALOG,n1141473$nominal_voltage.imag,0
BINARY,sx2841624b$phases,0
ANALOG,sx2841624b$nominal_voltage.real,0
ANALOG,sx2841624b$nominal_voltage.imag,0
BINARY,x2766730b$phases,0
ANALOG,x2766730b$nominal_voltage.real,0
ANALOG,x2766730b$nominal_voltage.imag,0
BINARY,sx2841623a$phases,0
ANALOG,sx2841623a$nominal_voltage.real,0
ANALOG,sx2841623a$nominal_voltage.imag,0
BINARY,m1009828$phases,0
ANALOG,m1009828$nominal_voltage.real,0
ANALOG,m1009828$nominal_voltage.imag,0
BINARY,m1009827$phases,0
ANALOG,m1009827$nominal_voltage.real,0
ANALOG,m1009827$nominal_voltage.imag,0
BINARY,m1009820$phases,0
ANALOG,m1009820$nominal_voltage.real,0
ANALOG,m1009820$nominal_voltage.imag,0
BINARY,m1009824$phases,0
ANALOG,m1009824$nominal_voltage.real,0
ANALOG,m1009824$nominal_voltage.imag,0
BINARY,m1009840$phases,0
ANALOG,m1009840$nominal_voltage.real,0
ANALOG,m1009840$nominal_voltage.imag,0
BINARY,sx3141402c$phases,0
ANALOG,sx3141402c$nominal_voltage.real,0
ANALOG,sx3141402c$nominal_voltage.imag,0
BINARY,m1009839$phases,0
ANALOG,m1009839$nominal_voltage.real,0
ANALOG,m1009839$nominal_voltage.imag,0
BINARY,m1009838$phases,0
ANALOG,m1009838$nominal_voltage.real,0
ANALOG,m1009838$nominal_voltage.imag,0
BINARY,m1009832$phases,0
ANALOG,m1009832$nominal_voltage.real,0
ANALOG,m1009832$nominal_voltage.imag,0
BINARY,m1009834$phases,0
ANALOG,m1009834$nominal_voltage.real,0
ANALOG,m1009834$nominal_voltage.imag,0
BINARY,x2860504a$phases,0
ANALOG,x2860504a$nominal_voltage.real,0
ANALOG,x2860504a$nominal_voltage.imag,0
BINARY,m1009843$phases,0
ANALOG,m1009843$nominal_voltage.real,0
ANALOG,m1009843$nominal_voltage.imag,0
BINARY,x2860506b$phases,0
ANALOG,x2860506b$nominal_voltage.real,0
ANALOG,x2860506b$nominal_voltage.imag,0
BINARY,sx2804245b$phases,0
ANALOG,sx2804245b$nominal_voltage.real,0
ANALOG,sx2804245b$nominal_voltage.imag,0
BINARY,m1009855$phases,0
ANALOG,m1009855$nominal_voltage.real,0
ANALOG,m1009855$nominal_voltage.imag,0
BINARY,sx3254213b$phases,0
ANALOG,sx3254213b$nominal_voltage.real,0
ANALOG,sx3254213b$nominal_voltage.imag,0
BINARY,x3235241c$phases,0
ANALOG,x3235241c$nominal_voltage.real,0
ANALOG,x3235241c$nominal_voltage.imag,0
BINARY,sx3160103c$phases,0
ANALOG,sx3160103c$nominal_voltage.real,0
ANALOG,sx3160103c$nominal_voltage.imag,0
BINARY,l2991933$phases,0
ANALOG,l2991933$nominal_voltage.real,0
ANALOG,l2991933$nominal_voltage.imag,0
BINARY,l2991927$phases,0
ANALOG,l2991927$nominal_voltage.real,0
ANALOG,l2991927$nominal_voltage.imag,0
BINARY,sx3160102b$phases,0
ANALOG,sx3160102b$nominal_voltage.real,0
ANALOG,sx3160102b$nominal_voltage.imag,0
BINARY,sx2710515c$phases,0
ANALOG,sx2710515c$nominal_voltage.real,0
ANALOG,sx2710515c$nominal_voltage.imag,0
BINARY,sx3632979a$phases,0
ANALOG,sx3632979a$nominal_voltage.real,0
ANALOG,sx3632979a$nominal_voltage.imag,0
BINARY,l2689691$phases,0
ANALOG,l2689691$nominal_voltage.real,0
ANALOG,l2689691$nominal_voltage.imag,0
BINARY,m1009805$phases,0
ANALOG,m1009805$nominal_voltage.real,0
ANALOG,m1009805$nominal_voltage.imag,0
BINARY,m1009807$phases,0
ANALOG,m1009807$nominal_voltage.real,0
ANALOG,m1009807$nominal_voltage.imag,0
BINARY,m1009809$phases,0
ANALOG,m1009809$nominal_voltage.real,0
ANALOG,m1009809$nominal_voltage.imag,0
BINARY,l2991901$phases,0
ANALOG,l2991901$nominal_voltage.real,0
ANALOG,l2991901$nominal_voltage.imag,0
BINARY,l3029500$phases,0
ANALOG,l3029500$nominal_voltage.real,0
ANALOG,l3029500$nominal_voltage.imag,0
BINARY,l3083019$phases,0
ANALOG,l3083019$nominal_voltage.real,0
ANALOG,l3083019$nominal_voltage.imag,0
BINARY,sx2729430b$phases,0
ANALOG,sx2729430b$nominal_voltage.real,0
ANALOG,sx2729430b$nominal_voltage.imag,0
BINARY,x2766720a$phases,0
ANALOG,x2766720a$nominal_voltage.real,0
ANALOG,x2766720a$nominal_voltage.imag,0
BINARY,sx2673322b$phases,0
ANALOG,sx2673322b$nominal_voltage.real,0
ANALOG,sx2673322b$nominal_voltage.imag,0
BINARY,x2766723a$phases,0
ANALOG,x2766723a$nominal_voltage.real,0
ANALOG,x2766723a$nominal_voltage.imag,0
BINARY,l3029510$phases,0
ANALOG,l3029510$nominal_voltage.real,0
ANALOG,l3029510$nominal_voltage.imag,0
BINARY,sx2673323c$phases,0
ANALOG,sx2673323c$nominal_voltage.real,0
ANALOG,sx2673323c$nominal_voltage.imag,0
BINARY,x2748126c$phases,0
ANALOG,x2748126c$nominal_voltage.real,0
ANALOG,x2748126c$nominal_voltage.imag,0
BINARY,l3270853$phases,0
ANALOG,l3270853$nominal_voltage.real,0
ANALOG,l3270853$nominal_voltage.imag,0
BINARY,hvmv11sub3_lsb$frequency_measure_type,0
BINARY,hvmv11sub3_lsb$GFA_enable,0
BINARY,hvmv11sub3_lsb$phases,0
ANALOG,hvmv11sub3_lsb$nominal_voltage.real,0
ANALOG,hvmv11sub3_lsb$nominal_voltage.imag,0
BINARY,sx2673326b$phases,0
ANALOG,sx2673326b$nominal_voltage.real,0
ANALOG,sx2673326b$nominal_voltage.imag,0
BINARY,l3231269$phases,0
ANALOG,l3231269$nominal_voltage.real,0
ANALOG,l3231269$nominal_voltage.imag,0
BINARY,sx2710518a$phases,0
ANALOG,sx2710518a$nominal_voltage.real,0
ANALOG,sx2710518a$nominal_voltage.imag,0
BINARY,l2691952$phases,0
ANALOG,l2691952$nominal_voltage.real,0
ANALOG,l2691952$nominal_voltage.imag,0
BINARY,e203026$phases,0
ANALOG,e203026$nominal_voltage.real,0
ANALOG,e203026$nominal_voltage.imag,0
BINARY,l2691938$phases,0
ANALOG,l2691938$nominal_voltage.real,0
ANALOG,l2691938$nominal_voltage.imag,0
BINARY,l2691939$phases,0
ANALOG,l2691939$nominal_voltage.real,0
ANALOG,l2691939$nominal_voltage.imag,0
BINARY,sx2710516a$phases,0
ANALOG,sx2710516a$nominal_voltage.real,0
ANALOG,sx2710516a$nominal_voltage.imag,0
BINARY,l2691944$phases,0
ANALOG,l2691944$nominal_voltage.real,0
ANALOG,l2691944$nominal_voltage.imag,0
BINARY,l2691941$phases,0
ANALOG,l2691941$nominal_voltage.real,0
ANALOG,l2691941$nominal_voltage.imag,0
BINARY,x2859391b$phases,0
ANALOG,x2859391b$nominal_voltage.real,0
ANALOG,x2859391b$nominal_voltage.imag,0
BINARY,sx3235241c$phases,0
ANALOG,sx3235241c$nominal_voltage.real,0
ANALOG,sx3235241c$nominal_voltage.imag,0
BINARY,sx3085403a$phases,0
ANALOG,sx3085403a$nominal_voltage.real,0
ANALOG,sx3085403a$nominal_voltage.imag,0
BINARY,l3195327$phases,0
ANALOG,l3195327$nominal_voltage.real,0
ANALOG,l3195327$nominal_voltage.imag,0
BINARY,x3197642c$phases,0
ANALOG,x3197642c$nominal_voltage.real,0
ANALOG,x3197642c$nominal_voltage.imag,0
BINARY,sx2764399b$phases,0
ANALOG,sx2764399b$nominal_voltage.real,0
ANALOG,sx2764399b$nominal_voltage.imag,0
BINARY,x2916607c$phases,0
ANALOG,x2916607c$nominal_voltage.real,0
ANALOG,x2916607c$nominal_voltage.imag,0
BINARY,x2748140a$phases,0
ANALOG,x2748140a$nominal_voltage.real,0
ANALOG,x2748140a$nominal_voltage.imag,0
BINARY,sx2973146b$phases,0
ANALOG,sx2973146b$nominal_voltage.real,0
ANALOG,sx2973146b$nominal_voltage.imag,0
BINARY,x2916608c$phases,0
ANALOG,x2916608c$nominal_voltage.real,0
ANALOG,x2916608c$nominal_voltage.imag,0
BINARY,l3254213$phases,0
ANALOG,l3254213$nominal_voltage.real,0
ANALOG,l3254213$nominal_voltage.imag,0
BINARY,sx2914323b$phases,0
ANALOG,sx2914323b$nominal_voltage.real,0
ANALOG,sx2914323b$nominal_voltage.imag,0
BINARY,x3139103a$phases,0
ANALOG,x3139103a$nominal_voltage.real,0
ANALOG,x3139103a$nominal_voltage.imag,0
BINARY,l3254206$phases,0
ANALOG,l3254206$nominal_voltage.real,0
ANALOG,l3254206$nominal_voltage.imag,0
BINARY,m1009742$phases,0
ANALOG,m1009742$nominal_voltage.real,0
ANALOG,m1009742$nominal_voltage.imag,0
BINARY,sx2879081a$phases,0
ANALOG,sx2879081a$nominal_voltage.real,0
ANALOG,sx2879081a$nominal_voltage.imag,0
BINARY,m1009763$phases,0
ANALOG,m1009763$nominal_voltage.real,0
ANALOG,m1009763$nominal_voltage.imag,0
BINARY,sx3082993a$phases,0
ANALOG,sx3082993a$nominal_voltage.real,0
ANALOG,sx3082993a$nominal_voltage.imag,0
BINARY,sx3066816a$phases,0
ANALOG,sx3066816a$nominal_voltage.real,0
ANALOG,sx3066816a$nominal_voltage.imag,0
BINARY,sx3122822a$phases,0
ANALOG,sx3122822a$nominal_voltage.real,0
ANALOG,sx3122822a$nominal_voltage.imag,0
BINARY,m1009770$phases,0
ANALOG,m1009770$nominal_voltage.real,0
ANALOG,m1009770$nominal_voltage.imag,0
BINARY,m1009771$phases,0
ANALOG,m1009771$nominal_voltage.real,0
ANALOG,m1009771$nominal_voltage.imag,0
BINARY,m1009784$phases,0
ANALOG,m1009784$nominal_voltage.real,0
ANALOG,m1009784$nominal_voltage.imag,0
BINARY,sx2691944a$phases,0
ANALOG,sx2691944a$nominal_voltage.real,0
ANALOG,sx2691944a$nominal_voltage.imag,0
BINARY,l3312692$phases,0
ANALOG,l3312692$nominal_voltage.real,0
ANALOG,l3312692$nominal_voltage.imag,0
BINARY,m1009705$phases,0
ANALOG,m1009705$nominal_voltage.real,0
ANALOG,m1009705$nominal_voltage.imag,0
BINARY,hvmv69s1s2_5$phases,0
ANALOG,hvmv69s1s2_5$nominal_voltage.real,0
ANALOG,hvmv69s1s2_5$nominal_voltage.imag,0
BINARY,hvmv69s1s2_4$phases,0
ANALOG,hvmv69s1s2_4$nominal_voltage.real,0
ANALOG,hvmv69s1s2_4$nominal_voltage.imag,0
BINARY,hvmv69s1s2_7$phases,0
ANALOG,hvmv69s1s2_7$nominal_voltage.real,0
ANALOG,hvmv69s1s2_7$nominal_voltage.imag,0
BINARY,hvmv69s1s2_6$phases,0
ANALOG,hvmv69s1s2_6$nominal_voltage.real,0
ANALOG,hvmv69s1s2_6$nominal_voltage.imag,0
BINARY,hvmv69s1s2_1$phases,0
ANALOG,hvmv69s1s2_1$nominal_voltage.real,0
ANALOG,hvmv69s1s2_1$nominal_voltage.imag,0
BINARY,hvmv69s1s2_3$phases,0
ANALOG,hvmv69s1s2_3$nominal_voltage.real,0
ANALOG,hvmv69s1s2_3$nominal_voltage.imag,0
BINARY,hvmv69s1s2_2$phases,0
ANALOG,hvmv69s1s2_2$nominal_voltage.real,0
ANALOG,hvmv69s1s2_2$nominal_voltage.imag,0
BINARY,m3036170$phases,0
ANALOG,m3036170$nominal_voltage.real,0
ANALOG,m3036170$nominal_voltage.imag,0
BINARY,hvmv69s1s2_9$phases,0
ANALOG,hvmv69s1s2_9$nominal_voltage.real,0
ANALOG,hvmv69s1s2_9$nominal_voltage.imag,0
BINARY,hvmv69s1s2_8$phases,0
ANALOG,hvmv69s1s2_8$nominal_voltage.real,0
ANALOG,hvmv69s1s2_8$nominal_voltage.imag,0
BINARY,m1009715$phases,0
ANALOG,m1009715$nominal_voltage.real,0
ANALOG,m1009715$nominal_voltage.imag,0
BINARY,sx2691941c$phases,0
ANALOG,sx2691941c$nominal_voltage.real,0
ANALOG,sx2691941c$nominal_voltage.imag,0
BINARY,sx3066817a$phases,0
ANALOG,sx3066817a$nominal_voltage.real,0
ANALOG,sx3066817a$nominal_voltage.imag,0
BINARY,m1009720$phases,0
ANALOG,m1009720$nominal_voltage.real,0
ANALOG,m1009720$nominal_voltage.imag,0
BINARY,m1009724$phases,0
ANALOG,m1009724$nominal_voltage.real,0
ANALOG,m1009724$nominal_voltage.imag,0
BINARY,m1009726$phases,0
ANALOG,m1009726$nominal_voltage.real,0
ANALOG,m1009726$nominal_voltage.imag,0
BINARY,x3156034a$phases,0
ANALOG,x3156034a$nominal_voltage.real,0
ANALOG,x3156034a$nominal_voltage.imag,0
BINARY,221-240988$phases,0
ANALOG,221-240988$nominal_voltage.real,0
ANALOG,221-240988$nominal_voltage.imag,0
BINARY,221-240991$phases,0
ANALOG,221-240991$nominal_voltage.real,0
ANALOG,221-240991$nominal_voltage.imag,0
BINARY,sx2879078a$phases,0
ANALOG,sx2879078a$nominal_voltage.real,0
ANALOG,sx2879078a$nominal_voltage.imag,0
BINARY,hvmv69s1s2_10$phases,0
ANALOG,hvmv69s1s2_10$nominal_voltage.real,0
ANALOG,hvmv69s1s2_10$nominal_voltage.imag,0
BINARY,l2973146$phases,0
ANALOG,l2973146$nominal_voltage.real,0
ANALOG,l2973146$nominal_voltage.imag,0
BINARY,x3160103c$phases,0
ANALOG,x3160103c$nominal_voltage.real,0
ANALOG,x3160103c$nominal_voltage.imag,0
BINARY,x3104124b$phases,0
ANALOG,x3104124b$nominal_voltage.real,0
ANALOG,x3104124b$nominal_voltage.imag,0
BINARY,x3160102b$phases,0
ANALOG,x3160102b$nominal_voltage.real,0
ANALOG,x3160102b$nominal_voltage.imag,0
BINARY,l2859391$phases,0
ANALOG,l2859391$nominal_voltage.real,0
ANALOG,l2859391$nominal_voltage.imag,0
BINARY,p901905$phases,0
ANALOG,p901905$nominal_voltage.real,0
ANALOG,p901905$nominal_voltage.imag,0
BINARY,m3037537$phases,0
ANALOG,m3037537$nominal_voltage.real,0
ANALOG,m3037537$nominal_voltage.imag,0
BINARY,x2729430b$phases,0
ANALOG,x2729430b$nominal_voltage.real,0
ANALOG,x2729430b$nominal_voltage.imag,0
BINARY,sx3178969b$phases,0
ANALOG,sx3178969b$nominal_voltage.real,0
ANALOG,sx3178969b$nominal_voltage.imag,0
BINARY,l2973166$phases,0
ANALOG,l2973166$nominal_voltage.real,0
ANALOG,l2973166$nominal_voltage.imag,0
BINARY,l2973169$phases,0
ANALOG,l2973169$nominal_voltage.real,0
ANALOG,l2973169$nominal_voltage.imag,0
BINARY,sx3066821a$phases,0
ANALOG,sx3066821a$nominal_voltage.real,0
ANALOG,sx3066821a$nominal_voltage.imag,0
BINARY,x3047058a$phases,0
ANALOG,x3047058a$nominal_voltage.real,0
ANALOG,x3047058a$nominal_voltage.imag,0
BINARY,x2748139b$phases,0
ANALOG,x2748139b$nominal_voltage.real,0
ANALOG,x2748139b$nominal_voltage.imag,0
BINARY,x2710542b$phases,0
ANALOG,x2710542b$nominal_voltage.real,0
ANALOG,x2710542b$nominal_voltage.imag,0
BINARY,sx3101789a$phases,0
ANALOG,sx3101789a$nominal_voltage.real,0
ANALOG,sx3101789a$nominal_voltage.imag,0
BINARY,l3254234$phases,0
ANALOG,l3254234$nominal_voltage.real,0
ANALOG,l3254234$nominal_voltage.imag,0
BINARY,l2804257$phases,0
ANALOG,l2804257$nominal_voltage.real,0
ANALOG,l2804257$nominal_voltage.imag,0
BINARY,l2804256$phases,0
ANALOG,l2804256$nominal_voltage.real,0
ANALOG,l2804256$nominal_voltage.imag,0
BINARY,l3120504$phases,0
ANALOG,l3120504$nominal_voltage.real,0
ANALOG,l3120504$nominal_voltage.imag,0
BINARY,l3120503$phases,0
ANALOG,l3120503$nominal_voltage.real,0
ANALOG,l3120503$nominal_voltage.imag,0
BINARY,x2729434b$phases,0
ANALOG,x2729434b$nominal_voltage.real,0
ANALOG,x2729434b$nominal_voltage.imag,0
BINARY,d5712587-2_int$phases,0
ANALOG,d5712587-2_int$nominal_voltage.real,0
ANALOG,d5712587-2_int$nominal_voltage.imag,0
BINARY,l3139103$phases,0
ANALOG,l3139103$nominal_voltage.real,0
ANALOG,l3139103$nominal_voltage.imag,0
BINARY,l2989571$phases,0
ANALOG,l2989571$nominal_voltage.real,0
ANALOG,l2989571$nominal_voltage.imag,0
BINARY,sx3101788a$phases,0
ANALOG,sx3101788a$nominal_voltage.real,0
ANALOG,sx3101788a$nominal_voltage.imag,0
BINARY,sx3235248c$phases,0
ANALOG,sx3235248c$nominal_voltage.real,0
ANALOG,sx3235248c$nominal_voltage.imag,0
BINARY,l3141412$phases,0
ANALOG,l3141412$nominal_voltage.real,0
ANALOG,l3141412$nominal_voltage.imag,0
BINARY,hvmv69sub2_lnb$phases,0
ANALOG,hvmv69sub2_lnb$nominal_voltage.real,0
ANALOG,hvmv69sub2_lnb$nominal_voltage.imag,0
BINARY,l3141411$phases,0
ANALOG,l3141411$nominal_voltage.real,0
ANALOG,l3141411$nominal_voltage.imag,0
BINARY,d6108145-1_int$phases,0
ANALOG,d6108145-1_int$nominal_voltage.real,0
ANALOG,d6108145-1_int$nominal_voltage.imag,0
BINARY,sx3235247a$phases,0
ANALOG,sx3235247a$nominal_voltage.real,0
ANALOG,sx3235247a$nominal_voltage.imag,0
BINARY,l3141402$phases,0
ANALOG,l3141402$nominal_voltage.real,0
ANALOG,l3141402$nominal_voltage.imag,0
BINARY,x3160108b$phases,0
ANALOG,x3160108b$nominal_voltage.real,0
ANALOG,x3160108b$nominal_voltage.imag,0
BINARY,x2954347b$phases,0
ANALOG,x2954347b$nominal_voltage.real,0
ANALOG,x2954347b$nominal_voltage.imag,0
BINARY,l2804245$phases,0
ANALOG,l2804245$nominal_voltage.real,0
ANALOG,l2804245$nominal_voltage.imag,0
BINARY,x2804245b$phases,0
ANALOG,x2804245b$nominal_voltage.real,0
ANALOG,x2804245b$nominal_voltage.imag,0
BINARY,sx3216346a$phases,0
ANALOG,sx3216346a$nominal_voltage.real,0
ANALOG,sx3216346a$nominal_voltage.imag,0
BINARY,p901972$phases,0
ANALOG,p901972$nominal_voltage.real,0
ANALOG,p901972$nominal_voltage.imag,0
BINARY,d5774457-1_int$phases,0
ANALOG,d5774457-1_int$nominal_voltage.real,0
ANALOG,d5774457-1_int$nominal_voltage.imag,0
BINARY,x2822868a$phases,0
ANALOG,x2822868a$nominal_voltage.real,0
ANALOG,x2822868a$nominal_voltage.imag,0
BINARY,sx3101787a$phases,0
ANALOG,sx3101787a$nominal_voltage.real,0
ANALOG,sx3101787a$nominal_voltage.imag,0
BINARY,x3122837c$phases,0
ANALOG,x3122837c$nominal_voltage.real,0
ANALOG,x3122837c$nominal_voltage.imag,0
BINARY,l2935556$phases,0
ANALOG,l2935556$nominal_voltage.real,0
ANALOG,l2935556$nominal_voltage.imag,0
BINARY,sx3122816b$phases,0
ANALOG,sx3122816b$nominal_voltage.real,0
ANALOG,sx3122816b$nominal_voltage.imag,0
BINARY,sx3122815b$phases,0
ANALOG,sx3122815b$nominal_voltage.real,0
ANALOG,sx3122815b$nominal_voltage.imag,0
BINARY,l2729408$phases,0
ANALOG,l2729408$nominal_voltage.real,0
ANALOG,l2729408$nominal_voltage.imag,0
BINARY,l2729409$phases,0
ANALOG,l2729409$nominal_voltage.real,0
ANALOG,l2729409$nominal_voltage.imag,0
BINARY,x2973166c$phases,0
ANALOG,x2973166c$nominal_voltage.real,0
ANALOG,x2973166c$nominal_voltage.imag,0
BINARY,sx2729408b$phases,0
ANALOG,sx2729408b$nominal_voltage.real,0
ANALOG,sx2729408b$nominal_voltage.imag,0
BINARY,sx3122818c$phases,0
ANALOG,sx3122818c$nominal_voltage.real,0
ANALOG,sx3122818c$nominal_voltage.imag,0
BINARY,sx3122817c$phases,0
ANALOG,sx3122817c$nominal_voltage.real,0
ANALOG,sx3122817c$nominal_voltage.imag,0
BINARY,sx2729409b$phases,0
ANALOG,sx2729409b$nominal_voltage.real,0
ANALOG,sx2729409b$nominal_voltage.imag,0
BINARY,x3141411c$phases,0
ANALOG,x3141411c$nominal_voltage.real,0
ANALOG,x3141411c$nominal_voltage.imag,0
BINARY,x2989571a$phases,0
ANALOG,x2989571a$nominal_voltage.real,0
ANALOG,x2989571a$nominal_voltage.imag,0
BINARY,l2729434$phases,0
ANALOG,l2729434$nominal_voltage.real,0
ANALOG,l2729434$nominal_voltage.imag,0
BINARY,l2729430$phases,0
ANALOG,l2729430$nominal_voltage.real,0
ANALOG,l2729430$nominal_voltage.imag,0
BINARY,x3141412a$phases,0
ANALOG,x3141412a$nominal_voltage.real,0
ANALOG,x3141412a$nominal_voltage.imag,0
BINARY,x2748152b$phases,0
ANALOG,x2748152b$nominal_voltage.real,0
ANALOG,x2748152b$nominal_voltage.imag,0
BINARY,l3215340$phases,0
ANALOG,l3215340$nominal_voltage.real,0
ANALOG,l3215340$nominal_voltage.imag,0
BINARY,x2973169a$phases,0
ANALOG,x2973169a$nominal_voltage.real,0
ANALOG,x2973169a$nominal_voltage.imag,0
BINARY,x2954338b$phases,0
ANALOG,x2954338b$nominal_voltage.real,0
ANALOG,x2954338b$nominal_voltage.imag,0
BINARY,l2785543$phases,0
ANALOG,l2785543$nominal_voltage.real,0
ANALOG,l2785543$nominal_voltage.imag,0
BINARY,m1009691$phases,0
ANALOG,m1009691$nominal_voltage.real,0
ANALOG,m1009691$nominal_voltage.imag,0
BINARY,sx2858175a$phases,0
ANALOG,sx2858175a$nominal_voltage.real,0
ANALOG,sx2858175a$nominal_voltage.imag,0
BINARY,l2729401$phases,0
ANALOG,l2729401$nominal_voltage.real,0
ANALOG,l2729401$nominal_voltage.imag,0
BINARY,l2785530$phases,0
ANALOG,l2785530$nominal_voltage.real,0
ANALOG,l2785530$nominal_voltage.imag,0
BINARY,l2731712$phases,0
ANALOG,l2731712$nominal_voltage.real,0
ANALOG,l2731712$nominal_voltage.imag,0
BINARY,l2785522$phases,0
ANALOG,l2785522$nominal_voltage.real,0
ANALOG,l2785522$nominal_voltage.imag,0
BINARY,m1009698$phases,0
ANALOG,m1009698$nominal_voltage.real,0
ANALOG,m1009698$nominal_voltage.imag,0
BINARY,x3197634b$phases,0
ANALOG,x3197634b$nominal_voltage.real,0
ANALOG,x3197634b$nominal_voltage.imag,0
BINARY,l2860504$phases,0
ANALOG,l2860504$nominal_voltage.real,0
ANALOG,l2860504$nominal_voltage.imag,0
BINARY,sx3254234b$phases,0
ANALOG,sx3254234b$nominal_voltage.real,0
ANALOG,sx3254234b$nominal_voltage.imag,0
BINARY,l2860506$phases,0
ANALOG,l2860506$nominal_voltage.real,0
ANALOG,l2860506$nominal_voltage.imag,0
BINARY,sx2970811a$phases,0
ANALOG,sx2970811a$nominal_voltage.real,0
ANALOG,sx2970811a$nominal_voltage.imag,0
BINARY,sx2879092c$phases,0
ANALOG,sx2879092c$nominal_voltage.real,0
ANALOG,sx2879092c$nominal_voltage.imag,0
BINARY,m1009651$phases,0
ANALOG,m1009651$nominal_voltage.real,0
ANALOG,m1009651$nominal_voltage.imag,0
BINARY,m1009650$phases,0
ANALOG,m1009650$nominal_voltage.real,0
ANALOG,m1009650$nominal_voltage.imag,0
BINARY,sx2729401b$phases,0
ANALOG,sx2729401b$nominal_voltage.real,0
ANALOG,sx2729401b$nominal_voltage.imag,0
BINARY,hvmv69s2s3_1$phases,0
ANALOG,hvmv69s2s3_1$nominal_voltage.real,0
ANALOG,hvmv69s2s3_1$nominal_voltage.imag,0
BINARY,hvmv69s2s3_2$phases,0
ANALOG,hvmv69s2s3_2$nominal_voltage.real,0
ANALOG,hvmv69s2s3_2$nominal_voltage.imag,0
BINARY,m1009655$phases,0
ANALOG,m1009655$nominal_voltage.real,0
ANALOG,m1009655$nominal_voltage.imag,0
BINARY,x3235268c$phases,0
ANALOG,x3235268c$nominal_voltage.real,0
ANALOG,x3235268c$nominal_voltage.imag,0
BINARY,sx2860478b$phases,0
ANALOG,sx2860478b$nominal_voltage.real,0
ANALOG,sx2860478b$nominal_voltage.imag,0
BINARY,x3235267c$phases,0
ANALOG,x3235267c$nominal_voltage.real,0
ANALOG,x3235267c$nominal_voltage.imag,0
BINARY,sx2860479b$phases,0
ANALOG,sx2860479b$nominal_voltage.real,0
ANALOG,sx2860479b$nominal_voltage.imag,0
BINARY,sx3010564c$phases,0
ANALOG,sx3010564c$nominal_voltage.real,0
ANALOG,sx3010564c$nominal_voltage.imag,0
BINARY,sx2841645c$phases,0
ANALOG,sx2841645c$nominal_voltage.real,0
ANALOG,sx2841645c$nominal_voltage.imag,0
BINARY,sx3172805a$phases,0
ANALOG,sx3172805a$nominal_voltage.real,0
ANALOG,sx3172805a$nominal_voltage.imag,0
BINARY,sx3066829c$phases,0
ANALOG,sx3066829c$nominal_voltage.real,0
ANALOG,sx3066829c$nominal_voltage.imag,0
BINARY,sx2691952a$phases,0
ANALOG,sx2691952a$nominal_voltage.real,0
ANALOG,sx2691952a$nominal_voltage.imag,0
BINARY,sx3010563a$phases,0
ANALOG,sx3010563a$nominal_voltage.real,0
ANALOG,sx3010563a$nominal_voltage.imag,0
BINARY,sx2746587c$phases,0
ANALOG,sx2746587c$nominal_voltage.real,0
ANALOG,sx2746587c$nominal_voltage.imag,0
BINARY,l2876814$phases,0
ANALOG,l2876814$nominal_voltage.real,0
ANALOG,l2876814$nominal_voltage.imag,0
BINARY,l2876812$phases,0
ANALOG,l2876812$nominal_voltage.real,0
ANALOG,l2876812$nominal_voltage.imag,0
BINARY,x3085398b$phases,0
ANALOG,x3085398b$nominal_voltage.real,0
ANALOG,x3085398b$nominal_voltage.imag,0
BINARY,l2879092$phases,0
ANALOG,l2879092$nominal_voltage.real,0
ANALOG,l2879092$nominal_voltage.imag,0
BINARY,sx2879089c$phases,0
ANALOG,sx2879089c$nominal_voltage.real,0
ANALOG,sx2879089c$nominal_voltage.imag,0
BINARY,sx3178976a$phases,0
ANALOG,sx3178976a$nominal_voltage.real,0
ANALOG,sx3178976a$nominal_voltage.imag,0
BINARY,l2879081$phases,0
ANALOG,l2879081$nominal_voltage.real,0
ANALOG,l2879081$nominal_voltage.imag,0
BINARY,l2858163$phases,0
ANALOG,l2858163$nominal_voltage.real,0
ANALOG,l2858163$nominal_voltage.imag,0
BINARY,l2879089$phases,0
ANALOG,l2879089$nominal_voltage.real,0
ANALOG,l2879089$nominal_voltage.imag,0
BINARY,l2860478$phases,0
ANALOG,l2860478$nominal_voltage.real,0
ANALOG,l2860478$nominal_voltage.imag,0
BINARY,l2860479$phases,0
ANALOG,l2860479$nominal_voltage.real,0
ANALOG,l2860479$nominal_voltage.imag,0
BINARY,l2858175$phases,0
ANALOG,l2858175$nominal_voltage.real,0
ANALOG,l2858175$nominal_voltage.imag,0
BINARY,l2860485$phases,0
ANALOG,l2860485$nominal_voltage.real,0
ANALOG,l2860485$nominal_voltage.imag,0
BINARY,l3027132$phases,0
ANALOG,l3027132$nominal_voltage.real,0
ANALOG,l3027132$nominal_voltage.imag,0
BINARY,sx2766715b$phases,0
ANALOG,sx2766715b$nominal_voltage.real,0
ANALOG,sx2766715b$nominal_voltage.imag,0
BINARY,l2860493$phases,0
ANALOG,l2860493$nominal_voltage.real,0
ANALOG,l2860493$nominal_voltage.imag,0
BINARY,sx3216350a$phases,0
ANALOG,sx3216350a$nominal_voltage.real,0
ANALOG,sx3216350a$nominal_voltage.imag,0
BINARY,x2766744b$phases,0
ANALOG,x2766744b$nominal_voltage.real,0
ANALOG,x2766744b$nominal_voltage.imag,0
BINARY,sx2785543b$phases,0
ANALOG,sx2785543b$nominal_voltage.real,0
ANALOG,sx2785543b$nominal_voltage.imag,0
BINARY,sx3216351a$phases,0
ANALOG,sx3216351a$nominal_voltage.real,0
ANALOG,sx3216351a$nominal_voltage.imag,0
BINARY,x2710532c$phases,0
ANALOG,x2710532c$nominal_voltage.real,0
ANALOG,x2710532c$nominal_voltage.imag,0
BINARY,x2766747a$phases,0
ANALOG,x2766747a$nominal_voltage.real,0
ANALOG,x2766747a$nominal_voltage.imag,0
BINARY,l2879078$phases,0
ANALOG,l2879078$nominal_voltage.real,0
ANALOG,l2879078$nominal_voltage.imag,0
BINARY,sx2685805a$phases,0
ANALOG,sx2685805a$nominal_voltage.real,0
ANALOG,sx2685805a$nominal_voltage.imag,0
BINARY,sx3315860b$phases,0
ANALOG,sx3315860b$nominal_voltage.real,0
ANALOG,sx3315860b$nominal_voltage.imag,0
BINARY,x2766746c$phases,0
ANALOG,x2766746c$nominal_voltage.real,0
ANALOG,x2766746c$nominal_voltage.imag,0
BINARY,e182727$phases,0
ANALOG,e182727$nominal_voltage.real,0
ANALOG,e182727$nominal_voltage.imag,0
BINARY,e182726$phases,0
ANALOG,e182726$nominal_voltage.real,0
ANALOG,e182726$nominal_voltage.imag,0
BINARY,e182725$phases,0
ANALOG,e182725$nominal_voltage.real,0
ANALOG,e182725$nominal_voltage.imag,0
BINARY,d5806920-1_int$phases,0
ANALOG,d5806920-1_int$nominal_voltage.real,0
ANALOG,d5806920-1_int$nominal_voltage.imag,0
BINARY,hvmv69sub1_lsb2$phases,0
ANALOG,hvmv69sub1_lsb2$nominal_voltage.real,0
ANALOG,hvmv69sub1_lsb2$nominal_voltage.imag,0
BINARY,n1140830$phases,0
ANALOG,n1140830$nominal_voltage.real,0
ANALOG,n1140830$nominal_voltage.imag,0
BINARY,e182733$phases,0
ANALOG,e182733$nominal_voltage.real,0
ANALOG,e182733$nominal_voltage.imag,0
BINARY,n1140832$phases,0
ANALOG,n1140832$nominal_voltage.real,0
ANALOG,n1140832$nominal_voltage.imag,0
BINARY,n1140831$phases,0
ANALOG,n1140831$nominal_voltage.real,0
ANALOG,n1140831$nominal_voltage.imag,0
BINARY,m1026997$phases,0
ANALOG,m1026997$nominal_voltage.real,0
ANALOG,m1026997$nominal_voltage.imag,0
BINARY,x3231269b$phases,0
ANALOG,x3231269b$nominal_voltage.real,0
ANALOG,x3231269b$nominal_voltage.imag,0
BINARY,sx2991901b$phases,0
ANALOG,sx2991901b$nominal_voltage.real,0
ANALOG,sx2991901b$nominal_voltage.imag,0
BINARY,sx3195327a$phases,0
ANALOG,sx3195327a$nominal_voltage.real,0
ANALOG,sx3195327a$nominal_voltage.imag,0
BINARY,sx3027132a$phases,0
ANALOG,sx3027132a$nominal_voltage.real,0
ANALOG,sx3027132a$nominal_voltage.imag,0
BINARY,l2970811$phases,0
ANALOG,l2970811$nominal_voltage.real,0
ANALOG,l2970811$nominal_voltage.imag,0
BINARY,n1140829$phases,0
ANALOG,n1140829$nominal_voltage.real,0
ANALOG,n1140829$nominal_voltage.imag,0
BINARY,x3104118c$phases,0
ANALOG,x3104118c$nominal_voltage.real,0
ANALOG,x3104118c$nominal_voltage.imag,0
BINARY,m1026961$phases,0
ANALOG,m1026961$nominal_voltage.real,0
ANALOG,m1026961$nominal_voltage.imag,0
BINARY,m1026960$phases,0
ANALOG,m1026960$nominal_voltage.real,0
ANALOG,m1026960$nominal_voltage.imag,0
BINARY,x2804257b$phases,0
ANALOG,x2804257b$nominal_voltage.real,0
ANALOG,x2804257b$nominal_voltage.imag,0
BINARY,sx2876814a$phases,0
ANALOG,sx2876814a$nominal_voltage.real,0
ANALOG,sx2876814a$nominal_voltage.imag,0
BINARY,m1026950$phases,0
ANALOG,m1026950$nominal_voltage.real,0
ANALOG,m1026950$nominal_voltage.imag,0
BINARY,m1026951$phases,0
ANALOG,m1026951$nominal_voltage.real,0
ANALOG,m1026951$nominal_voltage.imag,0
BINARY,m1026953$phases,0
ANALOG,m1026953$nominal_voltage.real,0
ANALOG,m1026953$nominal_voltage.imag,0
BINARY,m1026954$phases,0
ANALOG,m1026954$nominal_voltage.real,0
ANALOG,m1026954$nominal_voltage.imag,0
BINARY,m1026984$phases,0
ANALOG,m1026984$nominal_voltage.real,0
ANALOG,m1026984$nominal_voltage.imag,0
BINARY,m1026986$phases,0
ANALOG,m1026986$nominal_voltage.real,0
ANALOG,m1026986$nominal_voltage.imag,0
BINARY,x2822857b$phases,0
ANALOG,x2822857b$nominal_voltage.real,0
ANALOG,x2822857b$nominal_voltage.imag,0
BINARY,sx2876812a$phases,0
ANALOG,sx2876812a$nominal_voltage.real,0
ANALOG,sx2876812a$nominal_voltage.imag,0
BINARY,x3104114b$phases,0
ANALOG,x3104114b$nominal_voltage.real,0
ANALOG,x3104114b$nominal_voltage.imag,0
BINARY,m1026970$phases,0
ANALOG,m1026970$nominal_voltage.real,0
ANALOG,m1026970$nominal_voltage.imag,0
BINARY,x2804256b$phases,0
ANALOG,x2804256b$nominal_voltage.real,0
ANALOG,x2804256b$nominal_voltage.imag,0
BINARY,l3140238$phases,0
ANALOG,l3140238$nominal_voltage.real,0
ANALOG,l3140238$nominal_voltage.imag,0
BINARY,m1026977$phases,0
ANALOG,m1026977$nominal_voltage.real,0
ANALOG,m1026977$nominal_voltage.imag,0
BINARY,x2822858b$phases,0
ANALOG,x2822858b$nominal_voltage.real,0
ANALOG,x2822858b$nominal_voltage.imag,0
BINARY,m1026978$phases,0
ANALOG,m1026978$nominal_voltage.real,0
ANALOG,m1026978$nominal_voltage.imag,0
BINARY,m1026979$frequency_measure_type,0
BINARY,m1026979$phases,0
ANALOG,m1026979$nominal_voltage.real,0
ANALOG,m1026979$nominal_voltage.imag,0
